Date1,State,beds_icu_covid,icu_covid,icu_usage,vent_covid,vent,vent_usage,Date,Total Cases
1-Jun,Johor,114,158,138.6,98,134,73.13,01-Jun,431
1-Jun,Kedah,73,74,101.37,47,112,41.96,01-Jun,236
1-Jun,Kelantan,56,47,83.93,26,124,20.97,01-Jun,531
1-Jun,Melaka,70,60,85.71,10,59,16.95,01-Jun,249
1-Jun,Negeri Sembilan,44,94,213.64,44,56,78.57,01-Jun,397
1-Jun,Pahang,53,30,56.6,18,65,27.69,01-Jun,190
1-Jun,Perak,67,60,89.55,35,98,35.71,01-Jun,387
1-Jun,Perlis,8,8,100,6,16,37.5,01-Jun,0
1-Jun,Pulau Pinang,41,38,92.68,20,35,57.14,01-Jun,400
1-Jun,Sabah,85,68,80,26,111,23.42,01-Jun,318
1-Jun,Sarawak,106,103,97.17,36,140,25.71,01-Jun,703
1-Jun,Selangor,244,282,115.57,166,275,60.36,01-Jun,2070
1-Jun,Terengganu,26,17,65.38,6,41,14.63,01-Jun,198
1-Jun,W.P. Kuala Lumpur,121,123,101.65,73,143,51.05,01-Jun,817
1-Jun,W.P. Labuan,11,10,90.91,10,14,71.43,01-Jun,162
1-Jun,W.P. Putrajaya,8,9,112.5,3,28,10.71,01-Jun,18
2-Jun,Johor,114,154,135.09,93,134,69.4,02-Jun,554
2-Jun,Kedah,73,76,104.11,46,105,43.81,02-Jun,283
2-Jun,Kelantan,56,50,89.29,25,124,20.16,02-Jun,541
2-Jun,Melaka,70,71,101.43,12,59,20.34,02-Jun,209
2-Jun,Negeri Sembilan,44,94,213.64,47,56,83.93,02-Jun,586
2-Jun,Pahang,53,29,54.72,18,65,27.69,02-Jun,237
2-Jun,Perak,67,59,88.06,42,98,42.86,02-Jun,224
2-Jun,Perlis,8,7,87.5,6,16,37.5,02-Jun,7
2-Jun,Pulau Pinang,41,38,92.68,22,35,62.86,02-Jun,407
2-Jun,Sabah,85,74,87.06,24,111,21.62,02-Jun,254
2-Jun,Sarawak,106,99,93.4,40,140,28.57,02-Jun,588
2-Jun,Selangor,244,283,115.98,166,275,60.36,02-Jun,2728
2-Jun,Terengganu,26,18,69.23,13,41,31.71,02-Jun,224
2-Jun,W.P. Kuala Lumpur,119,135,113.45,71,143,49.65,02-Jun,703
2-Jun,W.P. Labuan,11,8,72.73,8,14,57.14,02-Jun,159
2-Jun,W.P. Putrajaya,8,7,87.5,4,28,14.29,02-Jun,1
3-Jun,Johor,114,149,130.7,95,134,70.9,03-Jun,807
3-Jun,Kedah,73,71,97.26,46,105,43.81,03-Jun,373
3-Jun,Kelantan,56,46,82.14,25,124,20.16,03-Jun,414
3-Jun,Melaka,70,70,100,13,59,22.03,03-Jun,322
3-Jun,Negeri Sembilan,44,75,170.45,46,56,82.14,03-Jun,576
3-Jun,Pahang,53,30,56.6,15,65,23.08,03-Jun,135
3-Jun,Perak,67,55,82.09,43,98,43.88,03-Jun,384
3-Jun,Perlis,8,8,100,5,16,31.25,03-Jun,5
3-Jun,Pulau Pinang,41,38,92.68,20,35,57.14,03-Jun,303
3-Jun,Sabah,85,77,90.59,21,111,18.92,03-Jun,204
3-Jun,Sarawak,106,102,96.23,38,140,27.14,03-Jun,594
3-Jun,Selangor,244,288,118.03,102,275,37.09,03-Jun,3127
3-Jun,Terengganu,26,19,73.08,14,41,34.15,03-Jun,127
3-Jun,W.P. Kuala Lumpur,119,129,108.4,77,143,53.85,03-Jun,807
3-Jun,W.P. Labuan,11,12,109.09,8,14,57.14,03-Jun,62
3-Jun,W.P. Putrajaya,8,7,87.5,3,28,10.71,03-Jun,33
4-Jun,Johor,114,139,121.93,95,134,70.9,04-Jun,447
4-Jun,Kedah,73,63,86.3,43,105,40.95,04-Jun,263
4-Jun,Kelantan,56,39,69.64,23,124,18.55,04-Jun,286
4-Jun,Melaka,70,73,104.29,13,59,22.03,04-Jun,234
4-Jun,Negeri Sembilan,44,79,179.55,46,56,82.14,04-Jun,709
4-Jun,Pahang,53,31,58.49,14,65,21.54,04-Jun,146
4-Jun,Perak,67,56,83.58,42,98,42.86,04-Jun,371
4-Jun,Perlis,8,8,100,5,16,31.25,04-Jun,8
4-Jun,Pulau Pinang,43,38,88.37,21,35,60,04-Jun,376
4-Jun,Sabah,85,83,97.65,25,111,22.52,04-Jun,287
4-Jun,Sarawak,106,105,99.06,37,140,26.43,04-Jun,706
4-Jun,Selangor,244,272,111.48,160,275,58.18,04-Jun,2612
4-Jun,Terengganu,26,20,76.92,13,41,31.71,04-Jun,203
4-Jun,W.P. Kuala Lumpur,119,127,106.72,82,143,57.34,04-Jun,852
4-Jun,W.P. Labuan,11,14,127.27,9,14,64.29,04-Jun,230
4-Jun,W.P. Putrajaya,8,7,87.5,4,28,14.29,04-Jun,20
5-Jun,Johor,114,142,124.56,89,134,66.42,05-Jun,412
5-Jun,Kedah,73,67,91.78,46,105,43.81,05-Jun,263
5-Jun,Kelantan,56,35,62.5,18,124,14.52,05-Jun,312
5-Jun,Melaka,70,58,82.86,14,59,23.73,05-Jun,206
5-Jun,Negeri Sembilan,44,84,190.91,45,56,80.36,05-Jun,843
5-Jun,Pahang,53,28,52.83,15,65,23.08,05-Jun,286
5-Jun,Perak,67,55,82.09,39,98,39.8,05-Jun,253
5-Jun,Perlis,8,8,100,5,16,31.25,05-Jun,4
5-Jun,Pulau Pinang,43,34,79.07,23,35,65.71,05-Jun,370
5-Jun,Sabah,85,88,103.53,24,111,21.62,05-Jun,259
5-Jun,Sarawak,106,105,99.06,34,140,24.29,05-Jun,651
5-Jun,Selangor,250,279,111.6,176,275,64,05-Jun,2511
5-Jun,Terengganu,26,25,96.15,17,41,41.46,05-Jun,190
5-Jun,W.P. Kuala Lumpur,119,125,105.04,81,143,56.64,05-Jun,683
5-Jun,W.P. Labuan,11,15,136.36,9,14,64.29,05-Jun,205
5-Jun,W.P. Putrajaya,8,7,87.5,5,28,17.86,05-Jun,12
6-Jun,Johor,114,142,124.56,89,134,66.42,06-Jun,566
6-Jun,Kedah,73,71,97.26,38,105,36.19,06-Jun,125
6-Jun,Kelantan,56,37,66.07,21,124,16.94,06-Jun,270
6-Jun,Melaka,70,69,98.57,14,59,23.73,06-Jun,225
6-Jun,Negeri Sembilan,59,86,145.76,51,52,98.08,06-Jun,556
6-Jun,Pahang,53,28,52.83,14,65,21.54,06-Jun,155
6-Jun,Perak,67,59,88.06,40,98,40.82,06-Jun,174
6-Jun,Perlis,8,6,75,5,16,31.25,06-Jun,2
6-Jun,Pulau Pinang,43,37,86.05,24,33,72.73,06-Jun,271
6-Jun,Sabah,85,98,115.29,29,111,26.13,06-Jun,305
6-Jun,Sarawak,106,104,98.11,35,140,25,06-Jun,601
6-Jun,Selangor,250,288,115.2,170,275,61.82,06-Jun,2188
6-Jun,Terengganu,26,19,73.08,6,41,14.63,06-Jun,158
6-Jun,W.P. Kuala Lumpur,119,122,102.52,82,143,57.34,06-Jun,416
6-Jun,W.P. Labuan,11,15,136.36,9,14,64.29,06-Jun,213
6-Jun,W.P. Putrajaya,8,7,87.5,5,28,17.86,06-Jun,30
7-Jun,Johor,114,145,127.19,99,134,73.88,07-Jun,355
7-Jun,Kedah,73,69,94.52,36,105,34.29,07-Jun,194
7-Jun,Kelantan,56,42,75,21,124,16.94,07-Jun,341
7-Jun,Melaka,70,62,88.57,14,59,23.73,07-Jun,178
7-Jun,Negeri Sembilan,59,79,133.9,51,52,98.08,07-Jun,571
7-Jun,Pahang,53,29,54.72,16,65,24.62,07-Jun,99
7-Jun,Perak,67,50,74.63,34,98,34.69,07-Jun,177
7-Jun,Perlis,8,7,87.5,6,16,37.5,07-Jun,1
7-Jun,Pulau Pinang,43,39,90.7,26,33,78.79,07-Jun,153
7-Jun,Sabah,85,96,112.94,32,111,28.83,07-Jun,336
7-Jun,Sarawak,106,98,92.45,28,140,20,07-Jun,703
7-Jun,Selangor,250,293,117.2,183,275,66.55,07-Jun,1374
7-Jun,Terengganu,26,21,80.77,10,41,24.39,07-Jun,117
7-Jun,W.P. Kuala Lumpur,119,122,102.52,77,143,53.85,07-Jun,469
7-Jun,W.P. Labuan,11,15,136.36,9,14,64.29,07-Jun,209
7-Jun,W.P. Putrajaya,8,8,100,5,28,17.86,07-Jun,8
8-Jun,Johor,114,126,110.53,91,134,67.91,08-Jun,456
8-Jun,Kedah,73,66,90.41,34,105,32.38,08-Jun,148
8-Jun,Kelantan,56,37,66.07,19,124,15.32,08-Jun,204
8-Jun,Melaka,70,63,90,15,59,25.42,08-Jun,314
8-Jun,Negeri Sembilan,59,63,106.78,50,52,96.15,08-Jun,505
8-Jun,Pahang,53,28,52.83,16,65,24.62,08-Jun,157
8-Jun,Perak,71,54,76.06,33,93,35.48,08-Jun,225
8-Jun,Perlis,8,7,87.5,6,16,37.5,08-Jun,1
8-Jun,Pulau Pinang,43,36,83.72,23,33,69.7,08-Jun,185
8-Jun,Sabah,85,97,114.12,34,111,30.63,08-Jun,350
8-Jun,Sarawak,106,102,96.23,29,140,20.71,08-Jun,707
8-Jun,Selangor,250,309,123.6,180,275,65.45,08-Jun,1526
8-Jun,Terengganu,26,20,76.92,10,41,24.39,08-Jun,106
8-Jun,W.P. Kuala Lumpur,119,123,103.36,79,143,55.24,08-Jun,468
8-Jun,W.P. Labuan,11,16,145.45,9,14,64.29,08-Jun,191
8-Jun,W.P. Putrajaya,8,8,100,6,28,21.43,08-Jun,27
9-Jun,Johor,114,124,108.77,88,134,65.67,09-Jun,469
9-Jun,Kedah,73,60,82.19,33,105,31.43,09-Jun,135
9-Jun,Kelantan,56,33,58.93,17,124,13.71,09-Jun,340
9-Jun,Melaka,70,59,84.29,17,59,28.81,09-Jun,150
9-Jun,Negeri Sembilan,59,67,113.56,49,52,94.23,09-Jun,511
9-Jun,Pahang,53,27,50.94,12,65,18.46,09-Jun,232
9-Jun,Perak,71,52,73.24,28,93,30.11,09-Jun,175
9-Jun,Perlis,8,7,87.5,7,16,43.75,09-Jun,4
9-Jun,Pulau Pinang,43,34,79.07,18,33,54.55,09-Jun,194
9-Jun,Sabah,107,103,96.26,34,101,33.66,09-Jun,232
9-Jun,Sarawak,106,99,93.4,34,140,24.29,09-Jun,419
9-Jun,Selangor,250,316,126.4,184,275,66.91,09-Jun,2294
9-Jun,Terengganu,26,20,76.92,14,41,34.15,09-Jun,171
9-Jun,W.P. Kuala Lumpur,127,128,100.79,80,143,55.94,09-Jun,707
9-Jun,W.P. Labuan,11,17,154.55,11,14,78.57,09-Jun,200
9-Jun,W.P. Putrajaya,8,8,100,6,28,21.43,09-Jun,17
10-Jun,Johor,114,118,103.51,90,134,67.16,10-Jun,525
10-Jun,Kedah,73,58,79.45,30,105,28.57,10-Jun,309
10-Jun,Kelantan,56,33,58.93,18,124,14.52,10-Jun,262
10-Jun,Melaka,70,55,78.57,14,59,23.73,10-Jun,184
10-Jun,Negeri Sembilan,59,79,133.9,58,52,111.54,10-Jun,593
10-Jun,Pahang,53,26,49.06,9,65,13.85,10-Jun,112
10-Jun,Perak,71,50,70.42,26,93,27.96,10-Jun,143
10-Jun,Perlis,8,8,100,7,16,43.75,10-Jun,3
10-Jun,Pulau Pinang,45,37,82.22,17,33,51.52,10-Jun,166
10-Jun,Sabah,107,95,88.79,36,101,35.64,10-Jun,233
10-Jun,Sarawak,106,98,92.45,33,140,23.57,10-Jun,631
10-Jun,Selangor,250,308,123.2,179,275,65.09,10-Jun,1514
10-Jun,Terengganu,26,18,69.23,14,41,34.15,10-Jun,108
10-Jun,W.P. Kuala Lumpur,127,118,92.91,78,143,54.55,10-Jun,772
10-Jun,W.P. Labuan,18,17,94.44,12,10,120,10-Jun,106
10-Jun,W.P. Putrajaya,8,8,100,6,28,21.43,10-Jun,18
11-Jun,Johor,114,123,107.89,84,134,62.69,11-Jun,426
11-Jun,Kedah,73,55,75.34,21,105,20,11-Jun,161
11-Jun,Kelantan,56,32,57.14,17,124,13.71,11-Jun,248
11-Jun,Melaka,70,53,75.71,15,59,25.42,11-Jun,170
11-Jun,Negeri Sembilan,59,88,149.15,62,52,119.23,11-Jun,685
11-Jun,Pahang,53,20,37.74,6,65,9.23,11-Jun,89
11-Jun,Perak,71,49,69.01,22,93,23.66,11-Jun,161
11-Jun,Perlis,8,7,87.5,6,16,37.5,11-Jun,2
11-Jun,Pulau Pinang,45,37,82.22,20,33,60.61,11-Jun,205
11-Jun,Sabah,107,96,89.72,37,101,36.63,11-Jun,309
11-Jun,Sarawak,106,102,96.23,33,140,23.57,11-Jun,699
11-Jun,Selangor,250,313,125.2,175,275,63.64,11-Jun,2562
11-Jun,Terengganu,26,18,69.23,16,41,39.02,11-Jun,66
11-Jun,W.P. Kuala Lumpur,127,132,103.94,76,143,53.15,11-Jun,884
11-Jun,W.P. Labuan,18,17,94.44,9,10,90,11-Jun,176
11-Jun,W.P. Putrajaya,8,7,87.5,6,28,21.43,11-Jun,10
12-Jun,Johor,114,124,108.77,85,134,63.43,12-Jun,505
12-Jun,Kedah,73,56,76.71,26,105,24.76,12-Jun,171
12-Jun,Kelantan,56,32,57.14,19,124,15.32,12-Jun,337
12-Jun,Melaka,70,49,70,16,59,27.12,12-Jun,178
12-Jun,Negeri Sembilan,59,79,133.9,60,52,115.38,12-Jun,618
12-Jun,Pahang,53,25,47.17,8,65,12.31,12-Jun,121
12-Jun,Perak,71,46,64.79,18,93,19.35,12-Jun,218
12-Jun,Perlis,8,8,100,6,16,37.5,12-Jun,5
12-Jun,Pulau Pinang,45,38,84.44,20,33,60.61,12-Jun,198
12-Jun,Sabah,107,98,91.59,39,101,38.61,12-Jun,378
12-Jun,Sarawak,106,104,98.11,32,140,22.86,12-Jun,569
12-Jun,Selangor,253,307,121.34,174,287,60.63,12-Jun,1583
12-Jun,Terengganu,26,17,65.38,11,41,26.83,12-Jun,82
12-Jun,W.P. Kuala Lumpur,127,124,97.64,73,143,51.05,12-Jun,563
12-Jun,W.P. Labuan,18,18,100,10,10,100,12-Jun,250
12-Jun,W.P. Putrajaya,8,8,100,6,28,21.43,12-Jun,23
13-Jun,Johor,114,120,105.26,82,134,61.19,13-Jun,363
13-Jun,Kedah,73,55,75.34,29,105,27.62,13-Jun,301
13-Jun,Kelantan,56,36,64.29,16,124,12.9,13-Jun,179
13-Jun,Melaka,70,67,95.71,15,59,25.42,13-Jun,145
13-Jun,Negeri Sembilan,59,80,135.59,55,52,105.77,13-Jun,331
13-Jun,Pahang,53,23,43.4,8,65,12.31,13-Jun,78
13-Jun,Perak,71,41,57.75,15,93,16.13,13-Jun,121
13-Jun,Perlis,8,7,87.5,6,16,37.5,13-Jun,5
13-Jun,Pulau Pinang,45,39,86.67,21,33,63.64,13-Jun,256
13-Jun,Sabah,107,101,94.39,41,101,40.59,13-Jun,335
13-Jun,Sarawak,106,110,103.77,32,140,22.86,13-Jun,546
13-Jun,Selangor,253,308,121.74,180,287,62.72,13-Jun,1974
13-Jun,Terengganu,26,15,57.69,11,41,26.83,13-Jun,46
13-Jun,W.P. Kuala Lumpur,127,128,100.79,68,143,47.55,13-Jun,463
13-Jun,W.P. Labuan,18,13,72.22,6,10,60,13-Jun,159
13-Jun,W.P. Putrajaya,8,7,87.5,6,28,21.43,13-Jun,7
14-Jun,Johor,114,127,111.4,89,134,66.42,14-Jun,432
14-Jun,Kedah,73,50,68.49,29,105,27.62,14-Jun,199
14-Jun,Kelantan,56,34,60.71,18,124,14.52,14-Jun,214
14-Jun,Melaka,70,58,82.86,17,59,28.81,14-Jun,119
14-Jun,Negeri Sembilan,59,75,127.12,56,52,107.69,14-Jun,325
14-Jun,Pahang,53,25,47.17,9,65,13.85,14-Jun,61
14-Jun,Perak,71,34,47.89,16,93,17.2,14-Jun,136
14-Jun,Perlis,8,7,87.5,6,16,37.5,14-Jun,1
14-Jun,Pulau Pinang,45,41,91.11,22,33,66.67,14-Jun,214
14-Jun,Sabah,107,97,90.65,40,101,39.6,14-Jun,273
14-Jun,Sarawak,106,103,97.17,31,140,22.14,14-Jun,744
14-Jun,Selangor,253,316,124.9,202,287,70.38,14-Jun,1523
14-Jun,Terengganu,26,13,50,10,41,24.39,14-Jun,86
14-Jun,W.P. Kuala Lumpur,127,128,100.79,69,143,48.25,14-Jun,505
14-Jun,W.P. Labuan,18,15,83.33,7,11,63.64,14-Jun,113
14-Jun,W.P. Putrajaya,8,7,87.5,6,28,21.43,14-Jun,10
15-Jun,Johor,114,122,107.02,93,134,69.4,15-Jun,366
15-Jun,Kedah,73,45,61.64,24,105,22.86,15-Jun,252
15-Jun,Kelantan,56,37,66.07,18,124,14.52,15-Jun,245
15-Jun,Melaka,70,55,78.57,19,59,32.2,15-Jun,155
15-Jun,Negeri Sembilan,61,74,121.31,56,48,116.67,15-Jun,396
15-Jun,Pahang,53,26,49.06,7,65,10.77,15-Jun,32
15-Jun,Perak,71,26,36.62,13,93,13.98,15-Jun,68
15-Jun,Perlis,8,8,100,6,16,37.5,15-Jun,1
15-Jun,Pulau Pinang,45,37,82.22,23,33,69.7,15-Jun,124
15-Jun,Sabah,107,100,93.46,41,101,40.59,15-Jun,230
15-Jun,Sarawak,106,105,99.06,29,140,20.71,15-Jun,719
15-Jun,Selangor,253,314,124.11,179,287,62.37,15-Jun,1998
15-Jun,Terengganu,26,14,53.85,9,41,21.95,15-Jun,43
15-Jun,W.P. Kuala Lumpur,127,128,100.79,28,143,19.58,15-Jun,653
15-Jun,W.P. Labuan,18,14,77.78,6,11,54.55,15-Jun,138
15-Jun,W.P. Putrajaya,8,8,100,6,28,21.43,15-Jun,5
16-Jun,Johor,114,124,108.77,91,134,67.91,16-Jun,392
16-Jun,Kedah,73,48,65.75,27,105,25.71,16-Jun,228
16-Jun,Kelantan,56,35,62.5,21,124,16.94,16-Jun,230
16-Jun,Melaka,70,65,92.86,21,59,35.59,16-Jun,152
16-Jun,Negeri Sembilan,61,91,149.18,61,48,127.08,16-Jun,607
16-Jun,Pahang,48,22,45.83,8,66,12.12,16-Jun,57
16-Jun,Perak,71,30,42.25,16,93,17.2,16-Jun,66
16-Jun,Perlis,8,8,100,6,16,37.5,16-Jun,8
16-Jun,Pulau Pinang,45,35,77.78,23,33,69.7,16-Jun,99
16-Jun,Sabah,107,92,85.98,38,101,37.62,16-Jun,184
16-Jun,Sarawak,106,106,100,27,140,19.29,16-Jun,570
16-Jun,Selangor,253,326,128.85,188,287,65.51,16-Jun,1914
16-Jun,Terengganu,26,14,53.85,9,41,21.95,16-Jun,56
16-Jun,W.P. Kuala Lumpur,127,122,96.06,66,143,46.15,16-Jun,483
16-Jun,W.P. Labuan,18,16,88.89,8,11,72.73,16-Jun,101
16-Jun,W.P. Putrajaya,8,7,87.5,5,28,17.86,16-Jun,6
17-Jun,Johor,114,114,100,89,134,66.42,17-Jun,449
17-Jun,Kedah,73,46,63.01,26,105,24.76,17-Jun,197
17-Jun,Kelantan,56,33,58.93,23,113,20.35,17-Jun,154
17-Jun,Melaka,70,56,80,15,59,25.42,17-Jun,184
17-Jun,Negeri Sembilan,61,92,150.82,64,48,133.33,17-Jun,1086
17-Jun,Pahang,48,28,58.33,8,66,12.12,17-Jun,54
17-Jun,Perak,71,27,38.03,15,93,16.13,17-Jun,30
17-Jun,Perlis,8,6,75,6,16,37.5,17-Jun,0
17-Jun,Pulau Pinang,47,36,76.6,24,33,72.73,17-Jun,97
17-Jun,Sabah,107,92,85.98,35,101,34.65,17-Jun,248
17-Jun,Sarawak,106,107,100.94,30,140,21.43,17-Jun,559
17-Jun,Selangor,253,325,128.46,187,287,65.16,17-Jun,1859
17-Jun,Terengganu,26,14,53.85,10,41,24.39,17-Jun,77
17-Jun,W.P. Kuala Lumpur,127,119,93.7,67,143,46.85,17-Jun,643
17-Jun,W.P. Labuan,18,17,94.44,10,11,90.91,17-Jun,97
17-Jun,W.P. Putrajaya,8,7,87.5,5,28,17.86,17-Jun,7
18-Jun,Johor,114,126,110.53,88,134,65.67,18-Jun,592
18-Jun,Kedah,73,42,57.53,21,105,20,18-Jun,159
18-Jun,Kelantan,56,33,58.93,22,113,19.47,18-Jun,200
18-Jun,Melaka,70,66,94.29,15,59,25.42,18-Jun,223
18-Jun,Negeri Sembilan,55,96,174.55,66,49,134.69,18-Jun,870
18-Jun,Pahang,48,26,54.17,6,66,9.09,18-Jun,79
18-Jun,Perak,71,27,38.03,16,93,17.2,18-Jun,357
18-Jun,Perlis,8,6,75,6,16,37.5,18-Jun,2
18-Jun,Pulau Pinang,47,33,70.21,21,33,63.64,18-Jun,122
18-Jun,Sabah,107,82,76.64,26,101,25.74,18-Jun,199
18-Jun,Sarawak,106,99,93.4,28,140,20,18-Jun,536
18-Jun,Selangor,253,331,130.83,193,287,67.25,18-Jun,2095
18-Jun,Terengganu,26,13,50,10,41,24.39,18-Jun,32
18-Jun,W.P. Kuala Lumpur,127,125,98.43,75,143,52.45,18-Jun,821
18-Jun,W.P. Labuan,18,13,72.22,5,11,45.45,18-Jun,152
18-Jun,W.P. Putrajaya,8,7,87.5,6,28,21.43,18-Jun,6
19-Jun,Johor,114,123,107.89,86,134,64.18,19-Jun,498
19-Jun,Kedah,73,52,71.23,26,105,24.76,19-Jun,204
19-Jun,Kelantan,56,31,55.36,20,113,17.7,19-Jun,223
19-Jun,Melaka,70,63,90,14,59,23.73,19-Jun,134
19-Jun,Negeri Sembilan,55,95,172.73,63,49,128.57,19-Jun,770
19-Jun,Pahang,48,25,52.08,7,66,10.61,19-Jun,56
19-Jun,Perak,71,23,32.39,16,93,17.2,19-Jun,245
19-Jun,Perlis,8,5,62.5,5,16,31.25,19-Jun,0
19-Jun,Pulau Pinang,47,34,72.34,12,33,36.36,19-Jun,167
19-Jun,Sabah,107,74,69.16,28,101,27.72,19-Jun,201
19-Jun,Sarawak,106,96,90.57,28,140,20,19-Jun,569
19-Jun,Selangor,253,325,128.46,182,287,63.41,19-Jun,2112
19-Jun,Terengganu,26,13,50,9,41,21.95,19-Jun,62
19-Jun,W.P. Kuala Lumpur,127,123,96.85,68,143,47.55,19-Jun,483
19-Jun,W.P. Labuan,18,16,88.89,8,11,72.73,19-Jun,185
19-Jun,W.P. Putrajaya,8,7,87.5,5,28,17.86,19-Jun,3
20-Jun,Johor,114,121,106.14,84,134,62.69,20-Jun,627
20-Jun,Kedah,73,52,71.23,26,105,24.76,20-Jun,170
20-Jun,Kelantan,56,29,51.79,18,113,15.93,20-Jun,167
20-Jun,Melaka,70,72,102.86,15,59,25.42,20-Jun,183
20-Jun,Negeri Sembilan,55,89,161.82,62,49,126.53,20-Jun,693
20-Jun,Pahang,48,23,47.92,7,66,10.61,20-Jun,77
20-Jun,Perak,71,20,28.17,14,93,15.05,20-Jun,205
20-Jun,Perlis,8,5,62.5,5,16,31.25,20-Jun,2
20-Jun,Pulau Pinang,47,31,65.96,17,33,51.52,20-Jun,114
20-Jun,Sabah,107,71,66.36,24,101,23.76,20-Jun,163
20-Jun,Sarawak,106,92,86.79,28,140,20,20-Jun,664
20-Jun,Selangor,253,323,127.67,192,287,66.9,20-Jun,1684
20-Jun,Terengganu,26,10,38.46,6,41,14.63,20-Jun,12
20-Jun,W.P. Kuala Lumpur,127,126,99.21,73,143,51.05,20-Jun,379
20-Jun,W.P. Labuan,18,16,88.89,8,11,72.73,20-Jun,156
20-Jun,W.P. Putrajaya,8,8,100,6,28,21.43,20-Jun,4
21-Jun,Johor,114,123,107.89,88,134,65.67,21-Jun,320
21-Jun,Kedah,73,54,73.97,31,105,29.52,21-Jun,182
21-Jun,Kelantan,56,32,57.14,21,113,18.58,21-Jun,219
21-Jun,Melaka,70,73,104.29,14,59,23.73,21-Jun,205
21-Jun,Negeri Sembilan,55,87,158.18,60,49,122.45,21-Jun,437
21-Jun,Pahang,48,25,52.08,8,66,12.12,21-Jun,50
21-Jun,Perak,71,22,30.99,14,93,15.05,21-Jun,453
21-Jun,Perlis,8,5,62.5,5,16,31.25,21-Jun,0
21-Jun,Pulau Pinang,47,28,59.57,18,33,54.55,21-Jun,84
21-Jun,Sabah,107,66,61.68,20,101,19.8,21-Jun,166
21-Jun,Sarawak,106,94,88.68,29,140,20.71,21-Jun,684
21-Jun,Selangor,253,318,125.69,203,287,70.73,21-Jun,1346
21-Jun,Terengganu,26,10,38.46,6,41,14.63,21-Jun,18
21-Jun,W.P. Kuala Lumpur,127,124,97.64,74,143,51.75,21-Jun,310
21-Jun,W.P. Labuan,18,16,88.89,8,11,72.73,21-Jun,130
21-Jun,W.P. Putrajaya,8,8,100,6,28,21.43,21-Jun,15
22-Jun,Johor,114,109,95.61,81,134,60.45,22-Jun,239
22-Jun,Kedah,73,58,79.45,38,105,36.19,22-Jun,142
22-Jun,Kelantan,56,33,58.93,22,113,19.47,22-Jun,165
22-Jun,Melaka,70,67,95.71,17,59,28.81,22-Jun,167
22-Jun,Negeri Sembilan,55,122,221.82,52,49,106.12,22-Jun,585
22-Jun,Pahang,48,23,47.92,8,66,12.12,22-Jun,131
22-Jun,Perak,71,21,29.58,13,93,13.98,22-Jun,68
22-Jun,Perlis,8,5,62.5,5,16,31.25,22-Jun,2
22-Jun,Pulau Pinang,47,27,57.45,17,33,51.52,22-Jun,195
22-Jun,Sabah,107,69,64.49,20,101,19.8,22-Jun,193
22-Jun,Sarawak,106,92,86.79,30,140,21.43,22-Jun,507
22-Jun,Selangor,253,332,131.23,202,287,70.38,22-Jun,1567
22-Jun,Terengganu,26,9,34.62,6,41,14.63,22-Jun,37
22-Jun,W.P. Kuala Lumpur,132,126,95.45,75,163,46.01,22-Jun,636
22-Jun,W.P. Labuan,18,17,94.44,8,11,72.73,22-Jun,104
22-Jun,W.P. Putrajaya,8,6,75,5,28,17.86,22-Jun,7
23-Jun,Johor,114,123,107.89,77,134,57.46,23-Jun,283
23-Jun,Kedah,73,59,80.82,39,105,37.14,23-Jun,189
23-Jun,Kelantan,56,33,58.93,22,113,19.47,23-Jun,81
23-Jun,Melaka,70,73,104.29,14,59,23.73,23-Jun,180
23-Jun,Negeri Sembilan,55,88,160,49,49,100,23-Jun,677
23-Jun,Pahang,48,26,54.17,10,66,15.15,23-Jun,245
23-Jun,Perak,71,20,28.17,10,93,10.75,23-Jun,75
23-Jun,Perlis,8,4,50,4,16,25,23-Jun,1
23-Jun,Pulau Pinang,47,26,55.32,6,33,18.18,23-Jun,159
23-Jun,Sabah,107,72,67.29,21,101,20.79,23-Jun,129
23-Jun,Sarawak,106,93,87.74,29,140,20.71,23-Jun,577
23-Jun,Selangor,253,340,134.39,196,287,68.29,23-Jun,2007
23-Jun,Terengganu,26,9,34.62,6,41,14.63,23-Jun,27
23-Jun,W.P. Kuala Lumpur,132,130,98.48,79,163,48.47,23-Jun,531
23-Jun,W.P. Labuan,18,17,94.44,7,11,63.64,23-Jun,77
23-Jun,W.P. Putrajaya,8,6,75,6,28,21.43,23-Jun,13
24-Jun,Johor,114,117,102.63,73,134,54.48,24-Jun,346
24-Jun,Kedah,73,63,86.3,38,105,36.19,24-Jun,271
24-Jun,Kelantan,56,34,60.71,20,113,17.7,24-Jun,135
24-Jun,Melaka,70,78,111.43,18,59,30.51,24-Jun,247
24-Jun,Negeri Sembilan,55,88,160,54,49,110.2,24-Jun,781
24-Jun,Pahang,48,26,54.17,9,66,13.64,24-Jun,162
24-Jun,Perak,71,20,28.17,9,93,9.68,24-Jun,120
24-Jun,Perlis,8,2,25,2,16,12.5,24-Jun,5
24-Jun,Pulau Pinang,40,26,65,17,33,51.52,24-Jun,108
24-Jun,Sabah,107,72,67.29,20,101,19.8,24-Jun,203
24-Jun,Sarawak,106,90,84.91,27,140,19.29,24-Jun,581
24-Jun,Selangor,259,337,130.12,194,300,64.67,24-Jun,2074
24-Jun,Terengganu,26,5,19.23,4,41,9.76,24-Jun,29
24-Jun,W.P. Kuala Lumpur,132,128,96.97,80,163,49.08,24-Jun,558
24-Jun,W.P. Labuan,18,17,94.44,7,11,63.64,24-Jun,212
24-Jun,W.P. Putrajaya,8,6,75,6,28,21.43,24-Jun,17
25-Jun,Johor,114,118,103.51,74,134,55.22,25-Jun,196
25-Jun,Kedah,73,62,84.93,38,105,36.19,25-Jun,186
25-Jun,Kelantan,56,35,62.5,22,111,19.82,25-Jun,98
25-Jun,Melaka,70,79,112.86,18,59,30.51,25-Jun,223
25-Jun,Negeri Sembilan,55,84,152.73,54,49,110.2,25-Jun,658
25-Jun,Pahang,48,26,54.17,9,66,13.64,25-Jun,139
25-Jun,Perak,71,19,26.76,7,93,7.53,25-Jun,72
25-Jun,Perlis,8,1,12.5,1,16,6.25,25-Jun,0
25-Jun,Pulau Pinang,42,26,61.9,15,33,45.45,25-Jun,270
25-Jun,Sabah,107,71,66.36,18,101,17.82,25-Jun,156
25-Jun,Sarawak,106,84,79.25,28,140,20,25-Jun,673
25-Jun,Selangor,274,350,127.74,193,301,64.12,25-Jun,2208
25-Jun,Terengganu,26,5,19.23,4,41,9.76,25-Jun,46
25-Jun,W.P. Kuala Lumpur,132,127,96.21,85,162,52.47,25-Jun,782
25-Jun,W.P. Labuan,18,16,88.89,9,11,81.82,25-Jun,123
25-Jun,W.P. Putrajaya,8,6,75,6,28,21.43,25-Jun,14
26-Jun,Johor,114,110,96.49,74,134,55.22,26-Jun,329
26-Jun,Kedah,73,67,91.78,41,105,39.05,26-Jun,186
26-Jun,Kelantan,56,35,62.5,22,111,19.82,26-Jun,103
26-Jun,Melaka,70,81,115.71,18,59,30.51,26-Jun,355
26-Jun,Negeri Sembilan,55,86,156.36,59,49,120.41,26-Jun,741
26-Jun,Pahang,48,26,54.17,9,66,13.64,26-Jun,220
26-Jun,Perak,71,16,22.54,8,93,8.6,26-Jun,137
26-Jun,Perlis,8,2,25,0,16,0,26-Jun,4
26-Jun,Pulau Pinang,42,26,61.9,13,33,39.39,26-Jun,160
26-Jun,Sabah,107,68,63.55,17,101,16.83,26-Jun,189
26-Jun,Sarawak,106,82,77.36,28,140,20,26-Jun,492
26-Jun,Selangor,274,349,127.37,129,301,42.86,26-Jun,2111
26-Jun,Terengganu,26,6,23.08,3,41,7.32,26-Jun,29
26-Jun,W.P. Kuala Lumpur,132,125,94.7,85,162,52.47,26-Jun,634
26-Jun,W.P. Labuan,18,17,94.44,8,11,72.73,26-Jun,99
26-Jun,W.P. Putrajaya,8,8,100,8,28,28.57,26-Jun,24
27-Jun,Johor,114,115,100.88,76,134,56.72,27-Jun,312
27-Jun,Kedah,73,57,78.08,30,105,28.57,27-Jun,129
27-Jun,Kelantan,56,31,55.36,21,111,18.92,27-Jun,133
27-Jun,Melaka,70,82,117.14,18,59,30.51,27-Jun,380
27-Jun,Negeri Sembilan,55,94,170.91,68,49,138.78,27-Jun,501
27-Jun,Pahang,48,22,45.83,8,66,12.12,27-Jun,118
27-Jun,Perak,71,16,22.54,8,93,8.6,27-Jun,229
27-Jun,Perlis,8,2,25,0,16,0,27-Jun,0
27-Jun,Pulau Pinang,42,28,66.67,14,33,42.42,27-Jun,138
27-Jun,Sabah,107,71,66.36,16,101,15.84,27-Jun,190
27-Jun,Sarawak,106,80,75.47,33,140,23.57,27-Jun,513
27-Jun,Selangor,312,363,116.35,196,321,61.06,27-Jun,2213
27-Jun,Terengganu,26,6,23.08,3,41,7.32,27-Jun,16
27-Jun,W.P. Kuala Lumpur,132,130,98.48,86,162,53.09,27-Jun,630
27-Jun,W.P. Labuan,18,21,116.67,9,11,81.82,27-Jun,83
27-Jun,W.P. Putrajaya,8,8,100,8,28,28.57,27-Jun,4
28-Jun,Johor,114,109,95.61,67,134,50,28-Jun,244
28-Jun,Kedah,73,62,84.93,34,105,32.38,28-Jun,194
28-Jun,Kelantan,56,38,67.86,20,111,18.02,28-Jun,101
28-Jun,Melaka,70,92,131.43,17,59,28.81,28-Jun,183
28-Jun,Negeri Sembilan,51,97,190.2,62,49,126.53,28-Jun,629
28-Jun,Pahang,48,24,50,9,66,13.64,28-Jun,113
28-Jun,Perak,71,19,26.76,9,93,9.68,28-Jun,400
28-Jun,Perlis,8,2,25,0,16,0,28-Jun,5
28-Jun,Pulau Pinang,42,31,73.81,14,47,29.79,28-Jun,88
28-Jun,Sabah,107,67,62.62,18,101,17.82,28-Jun,258
28-Jun,Sarawak,106,81,76.42,37,140,26.43,28-Jun,413
28-Jun,Selangor,312,361,115.71,136,321,42.37,28-Jun,1989
28-Jun,Terengganu,26,8,30.77,3,41,7.32,28-Jun,23
28-Jun,W.P. Kuala Lumpur,137,130,94.89,95,162,58.64,28-Jun,469
28-Jun,W.P. Labuan,22,21,95.45,9,11,81.82,28-Jun,108
28-Jun,W.P. Putrajaya,8,8,100,8,28,28.57,28-Jun,8
29-Jun,Johor,113,109,96.46,66,145,45.52,29-Jun,271
29-Jun,Kedah,73,60,82.19,34,105,32.38,29-Jun,284
29-Jun,Kelantan,56,32,57.14,16,111,14.41,29-Jun,131
29-Jun,Melaka,70,89,127.14,16,59,27.12,29-Jun,252
29-Jun,Negeri Sembilan,51,82,160.78,60,49,122.45,29-Jun,700
29-Jun,Pahang,48,28,58.33,12,66,18.18,29-Jun,250
29-Jun,Perak,71,16,22.54,10,93,10.75,29-Jun,184
29-Jun,Perlis,8,1,12.5,0,16,0,29-Jun,0
29-Jun,Pulau Pinang,42,29,69.05,12,47,25.53,29-Jun,115
29-Jun,Sabah,107,71,66.36,16,101,15.84,29-Jun,178
29-Jun,Sarawak,106,86,81.13,41,140,29.29,29-Jun,242
29-Jun,Selangor,312,385,123.4,210,321,65.42,29-Jun,2311
29-Jun,Terengganu,30,7,23.33,3,49,6.12,29-Jun,21
29-Jun,W.P. Kuala Lumpur,138,138,100,95,162,58.64,29-Jun,1363
29-Jun,W.P. Labuan,18,18,100,9,11,81.82,29-Jun,117
29-Jun,W.P. Putrajaya,8,9,112.5,8,28,28.57,29-Jun,32
30-Jun,Johor,113,104,92.04,70,145,48.28,30-Jun,299
30-Jun,Kedah,73,62,84.93,39,105,37.14,30-Jun,226
30-Jun,Kelantan,56,30,53.57,15,111,13.51,30-Jun,159
30-Jun,Melaka,70,90,128.57,15,59,25.42,30-Jun,223
30-Jun,Negeri Sembilan,51,86,168.63,65,49,132.65,30-Jun,644
30-Jun,Pahang,48,29,60.42,15,66,22.73,30-Jun,210
30-Jun,Perak,71,15,21.13,10,93,10.75,30-Jun,137
30-Jun,Perlis,8,0,0,0,16,0,30-Jun,5
30-Jun,Pulau Pinang,42,31,73.81,11,47,23.4,30-Jun,131
30-Jun,Sabah,107,70,65.42,17,101,16.83,30-Jun,242
30-Jun,Sarawak,106,87,82.08,41,140,29.29,30-Jun,376
30-Jun,Selangor,314,389,123.89,216,321,67.29,30-Jun,2845
30-Jun,Terengganu,30,6,20,2,49,4.08,30-Jun,20
30-Jun,W.P. Kuala Lumpur,138,134,97.1,84,162,51.85,30-Jun,632
30-Jun,W.P. Labuan,18,18,100,8,11,72.73,30-Jun,132
30-Jun,W.P. Putrajaya,8,8,100,7,28,25,30-Jun,11
1-Jul,Johor,113,106,93.81,68,145,46.9,01-Jul,271
1-Jul,Kedah,73,65,89.04,43,105,40.95,01-Jul,250
1-Jul,Kelantan,56,26,46.43,12,111,10.81,01-Jul,108
1-Jul,Melaka,70,99,141.43,18,59,30.51,01-Jul,311
1-Jul,Negeri Sembilan,51,91,178.43,64,49,130.61,01-Jul,692
1-Jul,Pahang,48,36,75,20,66,30.3,01-Jul,195
1-Jul,Perak,71,18,25.35,10,93,10.75,01-Jul,149
1-Jul,Perlis,8,1,12.5,0,16,0,01-Jul,1
1-Jul,Pulau Pinang,42,31,73.81,9,47,19.15,01-Jul,174
1-Jul,Sabah,107,69,64.49,17,101,16.83,01-Jul,232
1-Jul,Sarawak,106,89,83.96,37,140,26.43,01-Jul,546
1-Jul,Selangor,314,397,126.43,217,321,67.6,01-Jul,2887
1-Jul,Terengganu,30,5,16.67,2,49,4.08,01-Jul,50
1-Jul,W.P. Kuala Lumpur,138,138,100,84,162,51.85,01-Jul,988
1-Jul,W.P. Labuan,18,23,127.78,8,11,72.73,01-Jul,129
1-Jul,W.P. Putrajaya,8,10,125,10,28,35.71,01-Jul,10
2-Jul,Johor,113,106,93.81,69,145,47.59,02-Jul,517
2-Jul,Kedah,73,61,83.56,31,105,29.52,02-Jul,257
2-Jul,Kelantan,56,28,50,13,111,11.71,02-Jul,129
2-Jul,Melaka,70,85,121.43,24,59,40.68,02-Jul,202
2-Jul,Negeri Sembilan,51,88,172.55,62,49,126.53,02-Jul,607
2-Jul,Pahang,48,30,62.5,17,66,25.76,02-Jul,329
2-Jul,Perak,42,23,54.76,9,95,9.47,02-Jul,182
2-Jul,Perlis,8,1,12.5,0,16,0,02-Jul,0
2-Jul,Pulau Pinang,42,31,73.81,10,47,21.28,02-Jul,351
2-Jul,Sabah,107,55,51.4,17,101,16.83,02-Jul,230
2-Jul,Sarawak,106,78,73.58,34,140,24.29,02-Jul,440
2-Jul,Selangor,314,409,130.25,232,321,72.27,02-Jul,2908
2-Jul,Terengganu,30,7,23.33,1,49,2.04,02-Jul,44
2-Jul,W.P. Kuala Lumpur,138,141,102.17,85,162,52.47,02-Jul,638
2-Jul,W.P. Labuan,18,25,138.89,10,11,90.91,02-Jul,131
2-Jul,W.P. Putrajaya,8,12,150,12,28,42.86,02-Jul,20
3-Jul,Johor,113,102,90.27,66,145,45.52,03-Jul,416
3-Jul,Kedah,73,68,93.15,39,105,37.14,03-Jul,145
3-Jul,Kelantan,56,32,57.14,15,111,13.51,03-Jul,89
3-Jul,Melaka,70,83,118.57,20,59,33.9,03-Jul,345
3-Jul,Negeri Sembilan,51,90,176.47,73,49,148.98,03-Jul,699
3-Jul,Pahang,48,33,68.75,18,66,27.27,03-Jul,200
3-Jul,Perak,42,24,57.14,10,95,10.53,03-Jul,101
3-Jul,Perlis,8,0,0,0,16,0,03-Jul,2
3-Jul,Pulau Pinang,42,28,66.67,10,47,21.28,03-Jul,142
3-Jul,Sabah,107,58,54.21,17,101,16.83,03-Jul,322
3-Jul,Sarawak,106,74,69.81,34,140,24.29,03-Jul,361
3-Jul,Selangor,314,400,127.39,242,321,75.39,03-Jul,3049
3-Jul,Terengganu,30,6,20,1,49,2.04,03-Jul,51
3-Jul,W.P. Kuala Lumpur,138,132,95.65,81,162,50,03-Jul,623
3-Jul,W.P. Labuan,18,25,138.89,10,11,90.91,03-Jul,108
3-Jul,W.P. Putrajaya,8,8,100,6,28,21.43,03-Jul,16
4-Jul,Johor,113,104,92.04,70,145,48.28,04-Jul,501
4-Jul,Kedah,73,66,90.41,35,105,33.33,04-Jul,332
4-Jul,Kelantan,56,32,57.14,14,111,12.61,04-Jul,124
4-Jul,Melaka,70,92,131.43,26,59,44.07,04-Jul,290
4-Jul,Negeri Sembilan,62,92,148.39,59,62,95.16,04-Jul,531
4-Jul,Pahang,48,39,81.25,19,66,28.79,04-Jul,95
4-Jul,Perak,42,30,71.43,12,95,12.63,04-Jul,384
4-Jul,Perlis,8,0,0,0,16,0,04-Jul,0
4-Jul,Pulau Pinang,42,29,69.05,8,47,17.02,04-Jul,173
4-Jul,Sabah,107,56,52.34,17,101,16.83,04-Jul,228
4-Jul,Sarawak,106,76,71.7,29,140,20.71,04-Jul,365
4-Jul,Selangor,314,420,133.76,249,321,77.57,04-Jul,2262
4-Jul,Terengganu,30,8,26.67,1,49,2.04,04-Jul,54
4-Jul,W.P. Kuala Lumpur,141,139,98.58,83,162,51.23,04-Jul,635
4-Jul,W.P. Labuan,18,26,144.44,11,11,100,04-Jul,75
4-Jul,W.P. Putrajaya,8,13,162.5,10,28,35.71,04-Jul,16
5-Jul,Johor,113,95,84.07,62,145,42.76,05-Jul,325
5-Jul,Kedah,73,76,104.11,35,105,33.33,05-Jul,273
5-Jul,Kelantan,60,35,58.33,14,111,12.61,05-Jul,114
5-Jul,Melaka,70,89,127.14,22,59,37.29,05-Jul,206
5-Jul,Negeri Sembilan,61,94,154.1,67,61,109.84,05-Jul,523
5-Jul,Pahang,48,30,62.5,19,66,28.79,05-Jul,312
5-Jul,Perak,42,29,69.05,12,95,12.63,05-Jul,249
5-Jul,Perlis,8,0,0,0,16,0,05-Jul,0
5-Jul,Pulau Pinang,42,28,66.67,8,47,17.02,05-Jul,159
5-Jul,Sabah,107,54,50.47,18,101,17.82,05-Jul,263
5-Jul,Sarawak,106,80,75.47,29,140,20.71,05-Jul,426
5-Jul,Selangor,314,428,136.31,253,321,78.82,05-Jul,2612
5-Jul,Terengganu,30,8,26.67,1,49,2.04,05-Jul,17
5-Jul,W.P. Kuala Lumpur,141,144,102.13,90,162,55.56,05-Jul,838
5-Jul,W.P. Labuan,18,25,138.89,10,11,90.91,05-Jul,71
5-Jul,W.P. Putrajaya,8,13,162.5,12,28,42.86,05-Jul,25
6-Jul,Johor,113,96,84.96,61,145,42.07,06-Jul,316
6-Jul,Kedah,73,74,101.37,35,105,33.33,06-Jul,337
6-Jul,Kelantan,60,35,58.33,13,111,11.71,06-Jul,118
6-Jul,Melaka,70,84,120,22,59,37.29,06-Jul,230
6-Jul,Negeri Sembilan,61,101,165.57,65,61,106.56,06-Jul,698
6-Jul,Pahang,48,29,60.42,18,66,27.27,06-Jul,180
6-Jul,Perak,42,30,71.43,13,95,13.68,06-Jul,94
6-Jul,Perlis,8,0,0,0,16,0,06-Jul,2
6-Jul,Pulau Pinang,42,29,69.05,8,47,17.02,06-Jul,185
6-Jul,Sabah,107,55,51.4,19,101,18.81,06-Jul,225
6-Jul,Sarawak,106,80,75.47,27,140,19.29,06-Jul,286
6-Jul,Selangor,314,461,146.82,254,321,79.13,06-Jul,3261
6-Jul,Terengganu,30,8,26.67,1,49,2.04,06-Jul,61
6-Jul,W.P. Kuala Lumpur,141,143,101.42,95,162,58.64,06-Jul,1557
6-Jul,W.P. Labuan,18,25,138.89,10,11,90.91,06-Jul,82
6-Jul,W.P. Putrajaya,8,16,200,13,28,46.43,06-Jul,33
7-Jul,Johor,113,99,87.61,72,145,49.66,07-Jul,224
7-Jul,Kedah,86,73,84.88,34,99,34.34,07-Jul,198
7-Jul,Kelantan,60,35,58.33,15,111,13.51,07-Jul,123
7-Jul,Melaka,70,90,128.57,25,59,42.37,07-Jul,358
7-Jul,Negeri Sembilan,61,84,137.7,58,61,95.08,07-Jul,788
7-Jul,Pahang,48,31,64.58,20,66,30.3,07-Jul,258
7-Jul,Perak,57,30,52.63,12,95,12.63,07-Jul,187
7-Jul,Perlis,8,0,0,0,16,0,07-Jul,2
7-Jul,Pulau Pinang,42,29,69.05,7,47,14.89,07-Jul,140
7-Jul,Sabah,107,60,56.07,18,101,17.82,07-Jul,244
7-Jul,Sarawak,106,77,72.64,26,140,18.57,07-Jul,290
7-Jul,Selangor,314,473,150.64,275,321,85.67,07-Jul,3124
7-Jul,Terengganu,30,9,30,4,49,8.16,07-Jul,43
7-Jul,W.P. Kuala Lumpur,141,156,110.64,109,162,67.28,07-Jul,1025
7-Jul,W.P. Labuan,18,23,127.78,11,11,100,07-Jul,93
7-Jul,W.P. Putrajaya,8,19,237.5,15,28,53.57,07-Jul,26
8-Jul,Johor,113,105,92.92,78,145,53.79,08-Jul,336
8-Jul,Kedah,86,72,83.72,37,99,37.37,08-Jul,360
8-Jul,Kelantan,60,26,43.33,12,111,10.81,08-Jul,135
8-Jul,Melaka,70,86,122.86,22,59,37.29,08-Jul,183
8-Jul,Negeri Sembilan,61,92,150.82,65,61,106.56,08-Jul,898
8-Jul,Pahang,48,32,66.67,21,66,31.82,08-Jul,152
8-Jul,Perak,57,29,50.88,14,95,14.74,08-Jul,543
8-Jul,Perlis,8,0,0,0,16,0,08-Jul,1
8-Jul,Pulau Pinang,42,31,73.81,8,47,17.02,08-Jul,239
8-Jul,Sabah,107,58,54.21,18,101,17.82,08-Jul,279
8-Jul,Sarawak,106,74,69.81,21,140,15,08-Jul,283
8-Jul,Selangor,314,473,150.64,276,321,85.98,08-Jul,4153
8-Jul,Terengganu,30,9,30,2,49,4.08,08-Jul,68
8-Jul,W.P. Kuala Lumpur,141,162,114.89,115,162,70.99,08-Jul,1137
8-Jul,W.P. Labuan,18,23,127.78,11,11,100,08-Jul,64
8-Jul,W.P. Putrajaya,8,17,212.5,11,28,39.29,08-Jul,47
9-Jul,Johor,113,110,97.35,79,145,54.48,09-Jul,317
9-Jul,Kedah,86,80,93.02,44,99,44.44,09-Jul,417
9-Jul,Kelantan,60,30,50,11,111,9.91,09-Jul,154
9-Jul,Melaka,70,79,112.86,18,59,30.51,09-Jul,222
9-Jul,Negeri Sembilan,61,99,162.3,72,61,118.03,09-Jul,899
9-Jul,Pahang,48,31,64.58,22,66,33.33,09-Jul,214
9-Jul,Perak,57,31,54.39,15,95,15.79,09-Jul,242
9-Jul,Perlis,8,0,0,0,16,0,09-Jul,1
9-Jul,Pulau Pinang,42,34,80.95,9,47,19.15,09-Jul,142
9-Jul,Sabah,107,54,50.47,16,101,15.84,09-Jul,323
9-Jul,Sarawak,106,74,69.81,24,140,17.14,09-Jul,406
9-Jul,Selangor,314,473,150.64,271,321,84.42,09-Jul,4401
9-Jul,Terengganu,30,6,20,4,49,8.16,09-Jul,82
9-Jul,W.P. Kuala Lumpur,147,167,113.61,116,162,71.6,09-Jul,1271
9-Jul,W.P. Labuan,18,24,133.33,8,11,72.73,09-Jul,80
9-Jul,W.P. Putrajaya,8,19,237.5,11,28,39.29,09-Jul,16
10-Jul,Johor,113,91,80.53,75,145,51.72,10-Jul,399
10-Jul,Kedah,86,86,100,40,99,40.4,10-Jul,364
10-Jul,Kelantan,60,25,41.67,9,111,8.11,10-Jul,89
10-Jul,Melaka,70,84,120,19,59,32.2,10-Jul,835
10-Jul,Negeri Sembilan,61,100,163.93,70,61,114.75,10-Jul,638
10-Jul,Pahang,48,32,66.67,21,66,31.82,10-Jul,247
10-Jul,Perak,57,34,59.65,18,95,18.95,10-Jul,145
10-Jul,Perlis,8,1,12.5,0,16,0,10-Jul,4
10-Jul,Pulau Pinang,42,38,90.48,12,47,25.53,10-Jul,184
10-Jul,Sabah,107,48,44.86,15,101,14.85,10-Jul,251
10-Jul,Sarawak,112,73,65.18,23,137,16.79,10-Jul,352
10-Jul,Selangor,314,491,156.37,278,321,86.6,10-Jul,4282
10-Jul,Terengganu,30,8,26.67,3,49,6.12,10-Jul,50
10-Jul,W.P. Kuala Lumpur,147,166,112.93,111,162,68.52,10-Jul,1400
10-Jul,W.P. Labuan,18,17,94.44,7,11,63.64,10-Jul,85
10-Jul,W.P. Putrajaya,8,16,200,10,28,35.71,10-Jul,39
11-Jul,Johor,113,88,77.88,76,145,52.41,11-Jul,392
11-Jul,Kedah,86,83,96.51,43,99,43.43,11-Jul,382
11-Jul,Kelantan,60,27,45,9,111,8.11,11-Jul,150
11-Jul,Melaka,70,91,130,20,59,33.9,11-Jul,278
11-Jul,Negeri Sembilan,61,105,172.13,73,61,119.67,11-Jul,541
11-Jul,Pahang,48,31,64.58,19,66,28.79,11-Jul,300
11-Jul,Perak,57,40,70.18,18,95,18.95,11-Jul,207
11-Jul,Perlis,8,1,12.5,0,16,0,11-Jul,1
11-Jul,Pulau Pinang,42,42,100,16,47,34.04,11-Jul,243
11-Jul,Sabah,107,52,48.6,17,101,16.83,11-Jul,271
11-Jul,Sarawak,112,71,63.39,20,137,14.6,11-Jul,274
11-Jul,Selangor,314,485,154.46,268,321,83.49,11-Jul,4682
11-Jul,Terengganu,30,13,43.33,9,49,18.37,11-Jul,38
11-Jul,W.P. Kuala Lumpur,147,172,117.01,117,166,70.48,11-Jul,1261
11-Jul,W.P. Labuan,18,16,88.89,6,11,54.55,11-Jul,54
11-Jul,W.P. Putrajaya,8,15,187.5,9,28,32.14,11-Jul,49
12-Jul,Johor,113,107,94.69,84,145,57.93,12-Jul,407
12-Jul,Kedah,86,91,105.81,47,99,47.47,12-Jul,415
12-Jul,Kelantan,60,30,50,11,111,9.91,12-Jul,133
12-Jul,Melaka,70,99,141.43,21,64,32.81,12-Jul,411
12-Jul,Negeri Sembilan,61,107,175.41,72,61,118.03,12-Jul,796
12-Jul,Pahang,48,34,70.83,16,66,24.24,12-Jul,314
12-Jul,Perak,57,42,73.68,23,95,24.21,12-Jul,168
12-Jul,Perlis,8,1,12.5,0,16,0,12-Jul,0
12-Jul,Pulau Pinang,49,40,81.63,18,47,38.3,12-Jul,231
12-Jul,Sabah,107,57,53.27,15,101,14.85,12-Jul,298
12-Jul,Sarawak,112,69,61.61,19,137,13.87,12-Jul,235
12-Jul,Selangor,323,509,157.59,279,331,84.29,12-Jul,4326
12-Jul,Terengganu,30,15,50,8,49,16.33,12-Jul,140
12-Jul,W.P. Kuala Lumpur,147,158,107.48,111,168,66.07,12-Jul,629
12-Jul,W.P. Labuan,18,13,72.22,6,11,54.55,12-Jul,66
12-Jul,W.P. Putrajaya,8,19,237.5,9,28,32.14,12-Jul,45
13-Jul,Johor,113,109,96.46,83,145,57.24,13-Jul,406
13-Jul,Kedah,86,91,105.81,46,99,46.46,13-Jul,497
13-Jul,Kelantan,60,29,48.33,12,111,10.81,13-Jul,211
13-Jul,Melaka,81,92,113.58,23,64,35.94,13-Jul,323
13-Jul,Negeri Sembilan,61,105,172.13,83,62,133.87,13-Jul,1035
13-Jul,Pahang,48,37,77.08,17,66,25.76,13-Jul,321
13-Jul,Perak,57,48,84.21,26,95,27.37,13-Jul,329
13-Jul,Perlis,8,1,12.5,0,16,0,13-Jul,0
13-Jul,Pulau Pinang,49,43,87.76,21,47,44.68,13-Jul,236
13-Jul,Sabah,107,55,51.4,14,101,13.86,13-Jul,239
13-Jul,Sarawak,112,67,59.82,22,137,16.06,13-Jul,472
13-Jul,Selangor,323,532,164.71,294,331,88.82,13-Jul,5269
13-Jul,Terengganu,30,15,50,10,49,20.41,13-Jul,93
13-Jul,W.P. Kuala Lumpur,155,159,102.58,113,168,67.26,13-Jul,1538
13-Jul,W.P. Labuan,18,11,61.11,6,11,54.55,13-Jul,60
13-Jul,W.P. Putrajaya,8,22,275,10,28,35.71,13-Jul,77
14-Jul,Johor,113,93,82.3,74,145,51.03,14-Jul,401
14-Jul,Kedah,86,98,113.95,43,99,43.43,14-Jul,504
14-Jul,Kelantan,60,29,48.33,14,111,12.61,14-Jul,236
14-Jul,Melaka,81,93,114.81,29,64,45.31,14-Jul,526
14-Jul,Negeri Sembilan,61,99,162.3,73,62,117.74,14-Jul,1538
14-Jul,Pahang,48,33,68.75,13,66,19.7,14-Jul,400
14-Jul,Perak,57,50,87.72,24,95,25.26,14-Jul,164
14-Jul,Perlis,8,1,12.5,0,16,0,14-Jul,3
14-Jul,Pulau Pinang,49,45,91.84,23,47,48.94,14-Jul,210
14-Jul,Sabah,107,60,56.07,13,101,12.87,14-Jul,287
14-Jul,Sarawak,112,59,52.68,23,137,16.79,14-Jul,289
14-Jul,Selangor,323,389,120.43,231,331,69.79,14-Jul,5058
14-Jul,Terengganu,30,17,56.67,11,49,22.45,14-Jul,189
14-Jul,W.P. Kuala Lumpur,155,156,100.65,111,168,66.07,14-Jul,1761
14-Jul,W.P. Labuan,18,10,55.56,5,11,45.45,14-Jul,38
14-Jul,W.P. Putrajaya,8,21,262.5,11,28,39.29,14-Jul,40
15-Jul,Johor,113,92,81.42,75,145,51.72,15-Jul,599
15-Jul,Kedah,90,94,104.44,41,99,41.41,15-Jul,695
15-Jul,Kelantan,60,27,45,14,111,12.61,15-Jul,255
15-Jul,Melaka,81,67,82.72,33,64,51.56,15-Jul,484
15-Jul,Negeri Sembilan,61,74,121.31,51,62,82.26,15-Jul,1604
15-Jul,Pahang,48,35,72.92,19,66,28.79,15-Jul,222
15-Jul,Perak,57,49,85.96,25,95,26.32,15-Jul,344
15-Jul,Perlis,8,1,12.5,0,16,0,15-Jul,3
15-Jul,Pulau Pinang,49,47,95.92,29,47,61.7,15-Jul,509
15-Jul,Sabah,107,53,49.53,12,101,11.88,15-Jul,370
15-Jul,Sarawak,112,60,53.57,24,137,17.52,15-Jul,363
15-Jul,Selangor,325,394,121.23,231,331,69.79,15-Jul,6127
15-Jul,Terengganu,30,19,63.33,11,49,22.45,15-Jul,70
15-Jul,W.P. Kuala Lumpur,168,172,102.38,133,175,76,15-Jul,1504
15-Jul,W.P. Labuan,18,8,44.44,5,11,45.45,15-Jul,26
15-Jul,W.P. Putrajaya,8,14,175,13,28,46.43,15-Jul,53
16-Jul,Johor,113,100,88.5,72,145,49.66,16-Jul,611
16-Jul,Kedah,90,105,116.67,51,99,51.52,16-Jul,458
16-Jul,Kelantan,60,32,53.33,11,111,9.91,16-Jul,225
16-Jul,Melaka,81,94,116.05,37,64,57.81,16-Jul,575
16-Jul,Negeri Sembilan,61,60,98.36,41,62,66.13,16-Jul,1619
16-Jul,Pahang,48,36,75,22,66,33.33,16-Jul,382
16-Jul,Perak,57,55,96.49,24,95,25.26,16-Jul,299
16-Jul,Perlis,8,1,12.5,0,16,0,16-Jul,7
16-Jul,Pulau Pinang,60,45,75,28,47,59.57,16-Jul,376
16-Jul,Sabah,107,54,50.47,12,101,11.88,16-Jul,326
16-Jul,Sarawak,120,55,45.83,21,137,15.33,16-Jul,423
16-Jul,Selangor,325,406,124.92,224,331,67.67,16-Jul,5514
16-Jul,Terengganu,30,18,60,11,49,22.45,16-Jul,102
16-Jul,W.P. Kuala Lumpur,168,189,112.5,138,175,78.86,16-Jul,1554
16-Jul,W.P. Labuan,18,5,27.78,4,11,36.36,16-Jul,24
16-Jul,W.P. Putrajaya,8,15,187.5,13,28,46.43,16-Jul,62
17-Jul,Johor,113,95,84.07,74,145,51.03,17-Jul,625
17-Jul,Kedah,90,110,122.22,45,99,45.45,17-Jul,701
17-Jul,Kelantan,60,30,50,16,111,14.41,17-Jul,211
17-Jul,Melaka,91,101,110.99,36,64,56.25,17-Jul,569
17-Jul,Negeri Sembilan,61,77,126.23,54,62,87.1,17-Jul,1280
17-Jul,Pahang,48,35,72.92,20,66,30.3,17-Jul,317
17-Jul,Perak,57,60,105.26,29,95,30.53,17-Jul,428
17-Jul,Perlis,8,3,37.5,0,16,0,17-Jul,1
17-Jul,Pulau Pinang,60,52,86.67,28,47,59.57,17-Jul,396
17-Jul,Sabah,107,53,49.53,9,101,8.91,17-Jul,647
17-Jul,Sarawak,120,53,44.17,19,137,13.87,17-Jul,388
17-Jul,Selangor,325,405,124.62,228,331,68.88,17-Jul,4989
17-Jul,Terengganu,30,23,76.67,17,49,34.69,17-Jul,177
17-Jul,W.P. Kuala Lumpur,168,192,114.29,137,181,75.69,17-Jul,1755
17-Jul,W.P. Labuan,18,6,33.33,4,11,36.36,17-Jul,22
17-Jul,W.P. Putrajaya,8,17,212.5,13,28,46.43,17-Jul,41
18-Jul,Johor,113,93,82.3,72,145,49.66,18-Jul,809
18-Jul,Kedah,90,105,116.67,50,99,50.51,18-Jul,696
18-Jul,Kelantan,60,27,45,14,111,12.61,18-Jul,146
18-Jul,Melaka,91,105,115.38,36,64,56.25,18-Jul,289
18-Jul,Negeri Sembilan,61,80,131.15,48,62,77.42,18-Jul,771
18-Jul,Pahang,48,42,87.5,26,66,39.39,18-Jul,369
18-Jul,Perak,57,62,108.77,34,95,35.79,18-Jul,407
18-Jul,Perlis,8,3,37.5,0,16,0,18-Jul,5
18-Jul,Pulau Pinang,65,50,76.92,30,47,63.83,18-Jul,295
18-Jul,Sabah,107,57,53.27,9,101,8.91,18-Jul,666
18-Jul,Sarawak,120,52,43.33,17,137,12.41,18-Jul,261
18-Jul,Selangor,325,398,122.46,218,331,65.86,18-Jul,4830
18-Jul,Terengganu,30,21,70,11,49,22.45,18-Jul,123
18-Jul,W.P. Kuala Lumpur,168,199,118.45,151,181,83.43,18-Jul,954
18-Jul,W.P. Labuan,18,5,27.78,4,11,36.36,18-Jul,50
18-Jul,W.P. Putrajaya,8,18,225,14,28,50,18-Jul,51
19-Jul,Johor,113,93,82.3,75,145,51.72,19-Jul,880
19-Jul,Kedah,90,106,117.78,51,99,51.52,19-Jul,705
19-Jul,Kelantan,60,29,48.33,13,111,11.71,19-Jul,170
19-Jul,Melaka,83,108,130.12,34,64,53.13,19-Jul,474
19-Jul,Negeri Sembilan,61,84,137.7,54,62,87.1,19-Jul,1340
19-Jul,Pahang,48,45,93.75,28,66,42.42,19-Jul,475
19-Jul,Perak,57,66,115.79,33,95,34.74,19-Jul,324
19-Jul,Perlis,8,2,25,0,16,0,19-Jul,1
19-Jul,Pulau Pinang,65,49,75.38,30,47,63.83,19-Jul,426
19-Jul,Sabah,107,57,53.27,12,101,11.88,19-Jul,651
19-Jul,Sarawak,120,49,40.83,17,137,12.41,19-Jul,301
19-Jul,Selangor,319,412,129.15,219,331,66.16,19-Jul,4444
19-Jul,Terengganu,30,17,56.67,8,49,16.33,19-Jul,144
19-Jul,W.P. Kuala Lumpur,168,193,114.88,147,181,81.22,19-Jul,613
19-Jul,W.P. Labuan,18,4,22.22,3,11,27.27,19-Jul,24
19-Jul,W.P. Putrajaya,8,16,200,13,28,46.43,19-Jul,48
20-Jul,Johor,113,96,84.96,76,145,52.41,20-Jul,793
20-Jul,Kedah,90,97,107.78,50,99,50.51,20-Jul,701
20-Jul,Kelantan,60,31,51.67,13,111,11.71,20-Jul,179
20-Jul,Melaka,83,77,92.77,33,64,51.56,20-Jul,309
20-Jul,Negeri Sembilan,61,74,121.31,47,62,75.81,20-Jul,970
20-Jul,Pahang,48,50,104.17,29,66,43.94,20-Jul,288
20-Jul,Perak,57,68,119.3,33,95,34.74,20-Jul,295
20-Jul,Perlis,8,1,12.5,0,16,0,20-Jul,2
20-Jul,Pulau Pinang,65,50,76.92,22,47,46.81,20-Jul,460
20-Jul,Sabah,107,62,57.94,16,101,15.84,20-Jul,657
20-Jul,Sarawak,120,38,31.67,13,137,9.49,20-Jul,351
20-Jul,Selangor,319,464,145.45,229,331,69.18,20-Jul,5528
20-Jul,Terengganu,30,17,56.67,8,49,16.33,20-Jul,190
20-Jul,W.P. Kuala Lumpur,168,196,116.67,147,181,81.22,20-Jul,1584
20-Jul,W.P. Labuan,18,3,16.67,3,11,27.27,20-Jul,17
20-Jul,W.P. Putrajaya,8,15,187.5,14,28,50,20-Jul,50
21-Jul,Johor,113,104,92.04,75,145,51.72,21-Jul,646
21-Jul,Kedah,90,106,117.78,57,99,57.58,21-Jul,800
21-Jul,Kelantan,60,33,55,11,111,9.91,21-Jul,386
21-Jul,Melaka,83,71,85.54,30,64,46.88,21-Jul,453
21-Jul,Negeri Sembilan,61,78,127.87,45,62,72.58,21-Jul,745
21-Jul,Pahang,48,50,104.17,26,66,39.39,21-Jul,603
21-Jul,Perak,57,72,126.32,41,95,43.16,21-Jul,274
21-Jul,Perlis,8,2,25,0,16,0,21-Jul,2
21-Jul,Pulau Pinang,65,50,76.92,32,47,68.09,21-Jul,362
21-Jul,Sabah,107,65,60.75,20,101,19.8,21-Jul,474
21-Jul,Sarawak,120,38,31.67,12,137,8.76,21-Jul,261
21-Jul,Selangor,380,423,111.32,221,374,59.09,21-Jul,5553
21-Jul,Terengganu,30,17,56.67,8,49,16.33,21-Jul,171
21-Jul,W.P. Kuala Lumpur,168,202,120.24,145,193,75.13,21-Jul,1176
21-Jul,W.P. Labuan,18,4,22.22,4,11,36.36,21-Jul,35
21-Jul,W.P. Putrajaya,8,17,212.5,15,28,53.57,21-Jul,51
22-Jul,Johor,113,104,92.04,76,145,52.41,22-Jul,795
22-Jul,Kedah,90,99,110,47,99,47.47,22-Jul,701
22-Jul,Kelantan,60,35,58.33,14,111,12.61,22-Jul,240
22-Jul,Melaka,83,101,121.69,28,64,43.75,22-Jul,353
22-Jul,Negeri Sembilan,61,74,121.31,43,62,69.35,22-Jul,716
22-Jul,Pahang,48,51,106.25,28,66,42.42,22-Jul,261
22-Jul,Perak,57,75,131.58,40,95,42.11,22-Jul,284
22-Jul,Perlis,8,4,50,1,16,6.25,22-Jul,6
22-Jul,Pulau Pinang,65,49,75.38,34,47,72.34,22-Jul,371
22-Jul,Sabah,107,72,67.29,18,101,17.82,22-Jul,497
22-Jul,Sarawak,120,33,27.5,11,137,8.03,22-Jul,645
22-Jul,Selangor,350,431,123.14,227,374,60.7,22-Jul,6056
22-Jul,Terengganu,30,18,60,8,49,16.33,22-Jul,391
22-Jul,W.P. Kuala Lumpur,174,204,117.24,153,189,80.95,22-Jul,1619
22-Jul,W.P. Labuan,18,5,27.78,4,11,36.36,22-Jul,24
22-Jul,W.P. Putrajaya,20,19,95,23,28,82.14,22-Jul,100
23-Jul,Johor,118,113,95.76,74,145,51.03,23-Jul,723
23-Jul,Kedah,90,105,116.67,50,99,50.51,23-Jul,937
23-Jul,Kelantan,60,33,55,14,111,12.61,23-Jul,372
23-Jul,Melaka,83,82,98.8,32,64,50,23-Jul,452
23-Jul,Negeri Sembilan,61,81,132.79,44,62,70.97,23-Jul,682
23-Jul,Pahang,48,44,91.67,24,66,36.36,23-Jul,466
23-Jul,Perak,57,76,133.33,38,95,40,23-Jul,415
23-Jul,Perlis,8,4,50,1,16,6.25,23-Jul,3
23-Jul,Pulau Pinang,68,52,76.47,30,47,63.83,23-Jul,530
23-Jul,Sabah,107,70,65.42,18,101,17.82,23-Jul,516
23-Jul,Sarawak,120,38,31.67,12,137,8.76,23-Jul,461
23-Jul,Selangor,353,408,115.58,218,404,53.96,23-Jul,7682
23-Jul,Terengganu,30,19,63.33,11,49,22.45,23-Jul,229
23-Jul,W.P. Kuala Lumpur,174,211,121.26,156,189,82.54,23-Jul,2075
23-Jul,W.P. Labuan,18,3,16.67,2,11,18.18,23-Jul,21
23-Jul,W.P. Putrajaya,20,18,90,18,28,64.29,23-Jul,41
24-Jul,Johor,108,113,104.63,79,145,54.48,24-Jul,812
24-Jul,Kedah,90,105,116.67,55,101,54.46,24-Jul,867
24-Jul,Kelantan,60,35,58.33,20,111,18.02,24-Jul,502
24-Jul,Melaka,83,104,125.3,28,64,43.75,24-Jul,631
24-Jul,Negeri Sembilan,61,80,131.15,44,63,69.84,24-Jul,625
24-Jul,Pahang,48,36,75,21,66,31.82,24-Jul,406
24-Jul,Perak,57,85,149.12,40,95,42.11,24-Jul,469
24-Jul,Perlis,8,4,50,1,16,6.25,24-Jul,7
24-Jul,Pulau Pinang,68,58,85.29,31,47,65.96,24-Jul,505
24-Jul,Sabah,107,69,64.49,18,101,17.82,24-Jul,712
24-Jul,Sarawak,120,32,26.67,11,137,8.03,24-Jul,261
24-Jul,Selangor,353,423,119.83,259,415,62.41,24-Jul,7354
24-Jul,Terengganu,30,22,73.33,14,49,28.57,24-Jul,267
24-Jul,W.P. Kuala Lumpur,174,207,118.97,155,189,82.01,24-Jul,2421
24-Jul,W.P. Labuan,18,4,22.22,1,11,9.09,24-Jul,30
24-Jul,W.P. Putrajaya,20,20,100,22,28,78.57,24-Jul,59
25-Jul,Johor,108,117,108.33,80,145,55.17,25-Jul,950
25-Jul,Kedah,90,115,127.78,57,101,56.44,25-Jul,1216
25-Jul,Kelantan,60,33,55,19,111,17.12,25-Jul,266
25-Jul,Melaka,83,114,137.35,31,64,48.44,25-Jul,370
25-Jul,Negeri Sembilan,61,78,127.87,43,63,68.25,25-Jul,513
25-Jul,Pahang,48,36,75,22,66,33.33,25-Jul,424
25-Jul,Perak,57,95,166.67,47,95,49.47,25-Jul,609
25-Jul,Perlis,8,5,62.5,2,16,12.5,25-Jul,10
25-Jul,Pulau Pinang,68,58,85.29,34,47,72.34,25-Jul,573
25-Jul,Sabah,107,71,66.36,17,101,16.83,25-Jul,818
25-Jul,Sarawak,120,31,25.83,10,137,7.3,25-Jul,407
25-Jul,Selangor,353,426,120.68,245,418,58.61,25-Jul,8501
25-Jul,Terengganu,30,21,70,13,49,26.53,25-Jul,273
25-Jul,W.P. Kuala Lumpur,174,214,122.99,157,189,83.07,25-Jul,2050
25-Jul,W.P. Labuan,18,4,22.22,2,11,18.18,25-Jul,21
25-Jul,W.P. Putrajaya,20,19,95,22,28,78.57,25-Jul,50
26-Jul,Johor,108,114,105.56,79,145,54.48,26-Jul,1449
26-Jul,Kedah,90,127,141.11,57,101,56.44,26-Jul,1161
26-Jul,Kelantan,60,39,65,22,111,19.82,26-Jul,346
26-Jul,Melaka,83,118,142.17,25,64,39.06,26-Jul,373
26-Jul,Negeri Sembilan,61,59,96.72,37,63,58.73,26-Jul,452
26-Jul,Pahang,48,36,75,21,66,31.82,26-Jul,386
26-Jul,Perak,57,98,171.93,46,95,48.42,26-Jul,590
26-Jul,Perlis,8,4,50,2,16,12.5,26-Jul,2
26-Jul,Pulau Pinang,68,59,86.76,36,47,76.6,26-Jul,402
26-Jul,Sabah,107,77,71.96,17,101,16.83,26-Jul,720
26-Jul,Sarawak,120,32,26.67,9,137,6.57,26-Jul,357
26-Jul,Selangor,361,336,93.07,243,427,56.91,26-Jul,6509
26-Jul,Terengganu,30,20,66.67,13,49,26.53,26-Jul,245
26-Jul,W.P. Kuala Lumpur,174,213,122.41,156,189,82.54,26-Jul,1425
26-Jul,W.P. Labuan,18,4,22.22,2,11,18.18,26-Jul,8
26-Jul,W.P. Putrajaya,20,18,90,21,28,75,26-Jul,94
27-Jul,Johor,108,115,106.48,77,145,53.1,27-Jul,908
27-Jul,Kedah,90,124,137.78,51,101,50.5,27-Jul,1000
27-Jul,Kelantan,60,38,63.33,21,111,18.92,27-Jul,592
27-Jul,Melaka,83,98,118.07,27,64,42.19,27-Jul,674
27-Jul,Negeri Sembilan,61,68,111.48,47,63,74.6,27-Jul,670
27-Jul,Pahang,48,39,81.25,20,66,30.3,27-Jul,403
27-Jul,Perak,71,103,145.07,50,95,52.63,27-Jul,583
27-Jul,Perlis,8,3,37.5,2,16,12.5,27-Jul,2
27-Jul,Pulau Pinang,68,57,83.82,37,47,78.72,27-Jul,618
27-Jul,Sabah,107,80,74.77,19,101,18.81,27-Jul,741
27-Jul,Sarawak,120,39,32.5,10,137,7.3,27-Jul,406
27-Jul,Selangor,335,334,99.7,224,426,52.58,27-Jul,6619
27-Jul,Terengganu,30,23,76.67,13,49,26.53,27-Jul,317
27-Jul,W.P. Kuala Lumpur,180,216,120,160,189,84.66,27-Jul,2477
27-Jul,W.P. Labuan,18,4,22.22,2,11,18.18,27-Jul,11
27-Jul,W.P. Putrajaya,20,21,105,21,28,75,27-Jul,122
28-Jul,Johor,108,127,117.59,91,145,62.76,28-Jul,767
28-Jul,Kedah,90,118,131.11,49,101,48.51,28-Jul,1112
28-Jul,Kelantan,60,37,61.67,22,111,19.82,28-Jul,532
28-Jul,Melaka,83,79,95.18,30,64,46.88,28-Jul,531
28-Jul,Negeri Sembilan,63,73,115.87,47,63,74.6,28-Jul,863
28-Jul,Pahang,48,46,95.83,26,66,39.39,28-Jul,429
28-Jul,Perak,71,109,153.52,54,95,56.84,28-Jul,406
28-Jul,Perlis,8,4,50,2,16,12.5,28-Jul,3
28-Jul,Pulau Pinang,70,58,82.86,41,47,87.23,28-Jul,760
28-Jul,Sabah,107,86,80.37,25,101,24.75,28-Jul,913
28-Jul,Sarawak,120,38,31.67,11,137,8.03,28-Jul,464
28-Jul,Selangor,335,439,131.04,236,426,55.4,28-Jul,7173
28-Jul,Terengganu,30,24,80,15,49,30.61,28-Jul,490
28-Jul,W.P. Kuala Lumpur,180,218,121.11,166,189,87.83,28-Jul,2884
28-Jul,W.P. Labuan,18,3,16.67,2,11,18.18,28-Jul,16
28-Jul,W.P. Putrajaya,20,18,90,21,28,75,28-Jul,68
29-Jul,Johor,108,132,122.22,95,145,65.52,29-Jul,1062
29-Jul,Kedah,90,123,136.67,53,101,52.48,29-Jul,1212
29-Jul,Kelantan,60,36,60,23,111,20.72,29-Jul,615
29-Jul,Melaka,83,115,138.55,26,64,40.63,29-Jul,416
29-Jul,Negeri Sembilan,63,69,109.52,41,63,65.08,29-Jul,886
29-Jul,Pahang,48,50,104.17,26,66,39.39,29-Jul,638
29-Jul,Perak,71,103,145.07,57,95,60,29-Jul,596
29-Jul,Perlis,8,4,50,2,16,12.5,29-Jul,10
29-Jul,Pulau Pinang,65,63,96.92,41,47,87.23,29-Jul,554
29-Jul,Sabah,107,85,79.44,25,101,24.75,29-Jul,776
29-Jul,Sarawak,120,35,29.17,11,137,8.03,29-Jul,582
29-Jul,Selangor,335,420,125.37,239,426,56.1,29-Jul,7166
29-Jul,Terengganu,29,23,79.31,17,56,30.36,29-Jul,437
29-Jul,W.P. Kuala Lumpur,180,215,119.44,161,189,85.19,29-Jul,2157
29-Jul,W.P. Labuan,18,3,16.67,2,11,18.18,29-Jul,11
29-Jul,W.P. Putrajaya,20,22,110,22,28,78.57,29-Jul,84
30-Jul,Johor,108,131,121.3,96,145,66.21,30-Jul,1105
30-Jul,Kedah,92,134,145.65,57,101,56.44,30-Jul,1281
30-Jul,Kelantan,60,49,81.67,21,111,18.92,30-Jul,656
30-Jul,Melaka,92,113,122.83,30,65,46.15,30-Jul,581
30-Jul,Negeri Sembilan,63,69,109.52,46,63,73.02,30-Jul,1079
30-Jul,Pahang,50,52,104,27,53,50.94,30-Jul,540
30-Jul,Perak,77,112,145.45,65,100,65,30-Jul,810
30-Jul,Perlis,8,6,75,2,16,12.5,30-Jul,13
30-Jul,Pulau Pinang,65,65,100,43,47,91.49,30-Jul,689
30-Jul,Sabah,160,87,54.38,27,99,27.27,30-Jul,1066
30-Jul,Sarawak,120,33,27.5,10,137,7.3,30-Jul,450
30-Jul,Selangor,326,421,129.14,280,426,65.73,30-Jul,6106
30-Jul,Terengganu,30,24,80,15,58,25.86,30-Jul,258
30-Jul,W.P. Kuala Lumpur,193,221,114.51,152,189,80.42,30-Jul,2116
30-Jul,W.P. Labuan,18,3,16.67,2,11,18.18,30-Jul,7
30-Jul,W.P. Putrajaya,20,18,90,28,28,100,30-Jul,100
31-Jul,Johor,108,131,121.3,93,145,64.14,31-Jul,1144
31-Jul,Kedah,92,134,145.65,57,101,56.44,31-Jul,1389
31-Jul,Kelantan,60,37,61.67,22,111,19.82,31-Jul,580
31-Jul,Melaka,92,117,127.17,25,65,38.46,31-Jul,697
31-Jul,Negeri Sembilan,63,75,119.05,50,63,79.37,31-Jul,929
31-Jul,Pahang,49,55,112.24,31,53,58.49,31-Jul,653
31-Jul,Perak,81,115,141.98,65,100,65,31-Jul,775
31-Jul,Perlis,8,5,62.5,2,16,12.5,31-Jul,16
31-Jul,Pulau Pinang,65,66,101.54,49,47,104.26,31-Jul,713
31-Jul,Sabah,160,103,64.38,29,99,29.29,31-Jul,1035
31-Jul,Sarawak,120,30,25,9,137,6.57,31-Jul,485
31-Jul,Selangor,326,332,101.84,255,426,59.86,31-Jul,6409
31-Jul,Terengganu,30,24,80,9,58,15.52,31-Jul,883
31-Jul,W.P. Kuala Lumpur,193,214,110.88,151,189,79.89,31-Jul,1962
31-Jul,W.P. Labuan,18,4,22.22,3,11,27.27,31-Jul,9
31-Jul,W.P. Putrajaya,20,20,100,19,28,67.86,31-Jul,116
1-Aug,Johor,108,131,121.3,96,145,66.21,01-Aug,1045
1-Aug,Kedah,92,132,143.48,60,101,59.41,01-Aug,1511
1-Aug,Kelantan,60,36,60,20,111,18.02,01-Aug,459
1-Aug,Melaka,92,80,86.96,30,65,46.15,01-Aug,686
1-Aug,Negeri Sembilan,63,77,122.22,50,63,79.37,01-Aug,809
1-Aug,Pahang,50,54,108,32,53,60.38,01-Aug,676
1-Aug,Perak,81,117,144.44,67,100,67,01-Aug,693
1-Aug,Perlis,8,6,75,3,16,18.75,01-Aug,21
1-Aug,Pulau Pinang,65,67,103.08,54,47,114.89,01-Aug,752
1-Aug,Sabah,160,99,61.88,29,99,29.29,01-Aug,1002
1-Aug,Sarawak,120,22,18.33,8,137,5.84,01-Aug,578
1-Aug,Selangor,326,341,104.6,222,426,52.11,01-Aug,6326
1-Aug,Terengganu,30,26,86.67,18,58,31.03,01-Aug,429
1-Aug,W.P. Kuala Lumpur,193,214,110.88,159,189,84.13,01-Aug,2087
1-Aug,W.P. Labuan,18,4,22.22,3,11,27.27,01-Aug,5
1-Aug,W.P. Putrajaya,20,17,85,21,28,75,01-Aug,72
2-Aug,Johor,108,130,120.37,98,145,67.59,02-Aug,1223
2-Aug,Kedah,92,138,150,64,101,63.37,02-Aug,1108
2-Aug,Kelantan,60,41,68.33,26,111,23.42,02-Aug,552
2-Aug,Melaka,92,79,85.87,29,65,44.62,02-Aug,463
2-Aug,Negeri Sembilan,63,74,117.46,47,63,74.6,02-Aug,862
2-Aug,Pahang,50,55,110,36,53,67.92,02-Aug,475
2-Aug,Perak,81,120,148.15,66,100,66,02-Aug,748
2-Aug,Perlis,8,7,87.5,4,16,25,02-Aug,9
2-Aug,Pulau Pinang,65,66,101.54,52,47,110.64,02-Aug,667
2-Aug,Sabah,160,112,70,31,99,31.31,02-Aug,1166
2-Aug,Sarawak,120,25,20.83,6,137,4.38,02-Aug,412
2-Aug,Selangor,326,340,104.29,252,426,59.15,02-Aug,6069
2-Aug,Terengganu,30,24,80,15,58,25.86,02-Aug,425
2-Aug,W.P. Kuala Lumpur,195,221,113.33,152,189,80.42,02-Aug,1538
2-Aug,W.P. Labuan,18,2,11.11,2,11,18.18,02-Aug,7
2-Aug,W.P. Putrajaya,20,17,85,22,28,78.57,02-Aug,46
3-Aug,Johor,108,129,119.44,92,149,61.74,03-Aug,1275
3-Aug,Kedah,92,152,165.22,69,101,68.32,03-Aug,1036
3-Aug,Kelantan,60,37,61.67,26,111,23.42,03-Aug,916
3-Aug,Melaka,92,84,91.3,30,65,46.15,03-Aug,508
3-Aug,Negeri Sembilan,63,77,122.22,42,63,66.67,03-Aug,819
3-Aug,Pahang,55,56,101.82,38,58,65.52,03-Aug,629
3-Aug,Perak,85,107,125.88,62,103,60.19,03-Aug,968
3-Aug,Perlis,11,8,72.73,3,16,18.75,03-Aug,7
3-Aug,Pulau Pinang,65,67,103.08,54,47,114.89,03-Aug,798
3-Aug,Sabah,160,112,70,43,99,43.43,03-Aug,1010
3-Aug,Sarawak,120,24,20,8,137,5.84,03-Aug,494
3-Aug,Selangor,338,339,100.3,234,426,54.93,03-Aug,5838
3-Aug,Terengganu,30,26,86.67,17,58,29.31,03-Aug,429
3-Aug,W.P. Kuala Lumpur,195,224,114.87,164,189,86.77,03-Aug,2338
3-Aug,W.P. Labuan,18,1,5.56,1,11,9.09,03-Aug,5
3-Aug,W.P. Putrajaya,20,17,85,15,28,53.57,03-Aug,72
4-Aug,Johor,108,115,106.48,88,149,59.06,04-Aug,1163
4-Aug,Kedah,92,136,147.83,60,101,59.41,04-Aug,1371
4-Aug,Kelantan,60,39,65,29,111,26.13,04-Aug,1003
4-Aug,Melaka,92,97,105.43,32,65,49.23,04-Aug,508
4-Aug,Negeri Sembilan,63,79,125.4,39,63,61.9,04-Aug,800
4-Aug,Pahang,55,61,110.91,37,58,63.79,04-Aug,558
4-Aug,Perak,85,109,128.24,65,103,63.11,04-Aug,662
4-Aug,Perlis,11,10,90.91,3,16,18.75,04-Aug,11
4-Aug,Pulau Pinang,67,68,101.49,55,47,117.02,04-Aug,867
4-Aug,Sabah,160,116,72.5,47,99,47.47,04-Aug,949
4-Aug,Sarawak,120,34,28.33,10,137,7.3,04-Aug,552
4-Aug,Selangor,338,346,102.37,235,426,55.16,04-Aug,8379
4-Aug,Terengganu,30,33,110,21,58,36.21,04-Aug,481
4-Aug,W.P. Kuala Lumpur,195,223,114.36,165,189,87.3,04-Aug,2485
4-Aug,W.P. Labuan,18,1,5.56,1,11,9.09,04-Aug,6
4-Aug,W.P. Putrajaya,20,17,85,23,28,82.14,04-Aug,47
5-Aug,Johor,108,127,117.59,84,149,56.38,05-Aug,1313
5-Aug,Kedah,92,118,128.26,50,101,49.5,05-Aug,1446
5-Aug,Kelantan,60,40,66.67,28,111,25.23,05-Aug,772
5-Aug,Melaka,92,82,89.13,35,65,53.85,05-Aug,622
5-Aug,Negeri Sembilan,63,74,117.46,42,63,66.67,05-Aug,989
5-Aug,Pahang,55,65,118.18,42,58,72.41,05-Aug,426
5-Aug,Perak,85,102,120,64,103,62.14,05-Aug,917
5-Aug,Perlis,11,10,90.91,2,19,10.53,05-Aug,4
5-Aug,Pulau Pinang,67,69,102.99,54,47,114.89,05-Aug,1022
5-Aug,Sabah,159,119,74.84,52,96,54.17,05-Aug,1062
5-Aug,Sarawak,120,42,35,11,137,8.03,05-Aug,763
5-Aug,Selangor,345,337,97.68,236,431,54.76,05-Aug,8554
5-Aug,Terengganu,30,29,96.67,25,58,43.1,05-Aug,501
5-Aug,W.P. Kuala Lumpur,195,230,117.95,166,189,87.83,05-Aug,2174
5-Aug,W.P. Labuan,18,1,5.56,1,11,9.09,05-Aug,15
5-Aug,W.P. Putrajaya,20,17,85,22,28,78.57,05-Aug,50
6-Aug,Johor,108,138,127.78,88,149,59.06,06-Aug,1275
6-Aug,Kedah,92,119,129.35,48,101,47.52,06-Aug,1371
6-Aug,Kelantan,60,42,70,33,111,29.73,06-Aug,938
6-Aug,Melaka,92,84,91.3,37,65,56.92,06-Aug,491
6-Aug,Negeri Sembilan,63,71,112.7,44,63,69.84,06-Aug,986
6-Aug,Pahang,55,64,116.36,45,58,77.59,06-Aug,610
6-Aug,Perak,85,99,116.47,61,103,59.22,06-Aug,624
6-Aug,Perlis,11,9,81.82,1,19,5.26,06-Aug,9
6-Aug,Pulau Pinang,67,68,101.49,52,47,110.64,06-Aug,776
6-Aug,Sabah,159,124,77.99,54,96,56.25,06-Aug,1291
6-Aug,Sarawak,120,44,36.67,11,137,8.03,06-Aug,652
6-Aug,Selangor,345,348,100.87,245,431,56.84,06-Aug,8795
6-Aug,Terengganu,30,33,110,29,58,50,06-Aug,460
6-Aug,W.P. Kuala Lumpur,195,228,116.92,164,189,86.77,06-Aug,2493
6-Aug,W.P. Labuan,18,3,16.67,1,11,9.09,06-Aug,9
6-Aug,W.P. Putrajaya,20,19,95,25,28,89.29,06-Aug,122
7-Aug,Johor,108,144,133.33,90,149,60.4,07-Aug,1182
7-Aug,Kedah,92,115,125,44,101,43.56,07-Aug,1514
7-Aug,Kelantan,64,48,75,38,113,33.63,07-Aug,930
7-Aug,Melaka,92,84,91.3,35,65,53.85,07-Aug,414
7-Aug,Negeri Sembilan,63,93,147.62,46,63,73.02,07-Aug,884
7-Aug,Pahang,55,56,101.82,36,58,62.07,07-Aug,714
7-Aug,Perak,84,111,132.14,62,103,60.19,07-Aug,774
7-Aug,Perlis,11,6,54.55,1,19,5.26,07-Aug,41
7-Aug,Pulau Pinang,67,67,100,53,47,112.77,07-Aug,959
7-Aug,Sabah,159,130,81.76,54,96,56.25,07-Aug,1255
7-Aug,Sarawak,120,39,32.5,10,137,7.3,07-Aug,573
7-Aug,Selangor,345,344,99.71,280,431,64.97,07-Aug,7085
7-Aug,Terengganu,30,34,113.33,29,58,50,07-Aug,425
7-Aug,W.P. Kuala Lumpur,201,228,113.43,165,192,85.94,07-Aug,2465
7-Aug,W.P. Labuan,18,3,16.67,2,11,18.18,07-Aug,2
7-Aug,W.P. Putrajaya,20,19,95,19,28,67.86,07-Aug,56
8-Aug,Johor,108,146,135.19,89,149,59.73,08-Aug,1309
8-Aug,Kedah,92,115,125,50,101,49.5,08-Aug,1610
8-Aug,Kelantan,64,50,78.13,31,113,27.43,08-Aug,870
8-Aug,Melaka,92,93,101.09,37,65,56.92,08-Aug,526
8-Aug,Negeri Sembilan,63,67,106.35,40,63,63.49,08-Aug,1140
8-Aug,Pahang,55,60,109.09,38,58,65.52,08-Aug,602
8-Aug,Perak,84,112,133.33,61,103,59.22,08-Aug,861
8-Aug,Perlis,11,8,72.73,1,19,5.26,08-Aug,6
8-Aug,Pulau Pinang,67,67,100,54,47,114.89,08-Aug,694
8-Aug,Sabah,159,130,81.76,56,96,58.33,08-Aug,1379
8-Aug,Sarawak,120,36,30,10,137,7.3,08-Aug,584
8-Aug,Selangor,345,347,100.58,230,431,53.36,08-Aug,6565
8-Aug,Terengganu,30,33,110,25,58,43.1,08-Aug,598
8-Aug,W.P. Kuala Lumpur,218,223,102.29,166,198,83.84,08-Aug,1889
8-Aug,W.P. Labuan,18,3,16.67,2,11,18.18,08-Aug,2
8-Aug,W.P. Putrajaya,20,19,95,23,28,82.14,08-Aug,63
9-Aug,Johor,108,149,137.96,89,149,59.73,09-Aug,1233
9-Aug,Kedah,100,114,114,45,101,44.55,09-Aug,1328
9-Aug,Kelantan,64,48,75,29,122,23.77,09-Aug,914
9-Aug,Melaka,92,86,93.48,32,65,49.23,09-Aug,360
9-Aug,Negeri Sembilan,63,78,123.81,44,63,69.84,09-Aug,1215
9-Aug,Pahang,55,60,109.09,34,58,58.62,09-Aug,604
9-Aug,Perak,84,117,139.29,60,103,58.25,09-Aug,935
9-Aug,Perlis,11,10,90.91,1,19,5.26,09-Aug,22
9-Aug,Pulau Pinang,67,69,102.99,54,47,114.89,09-Aug,908
9-Aug,Sabah,159,134,84.28,59,96,61.46,09-Aug,1247
9-Aug,Sarawak,120,39,32.5,13,137,9.49,09-Aug,589
9-Aug,Selangor,345,348,100.87,218,431,50.58,09-Aug,5768
9-Aug,Terengganu,30,33,110,27,58,46.55,09-Aug,501
9-Aug,W.P. Kuala Lumpur,218,231,105.96,171,198,86.36,09-Aug,1567
9-Aug,W.P. Labuan,18,2,11.11,1,11,9.09,09-Aug,8
9-Aug,W.P. Putrajaya,20,17,85,22,28,78.57,09-Aug,66
10-Aug,Johor,108,150,138.89,84,149,56.38,10-Aug,1344
10-Aug,Kedah,101,135,133.66,35,101,34.65,10-Aug,1830
10-Aug,Kelantan,64,53,82.81,34,122,27.87,10-Aug,1030
10-Aug,Melaka,92,100,108.7,32,65,49.23,10-Aug,578
10-Aug,Negeri Sembilan,63,68,107.94,42,70,60,10-Aug,564
10-Aug,Pahang,55,77,140,40,58,68.97,10-Aug,539
10-Aug,Perak,84,116,138.1,56,103,54.37,10-Aug,953
10-Aug,Perlis,11,8,72.73,2,19,10.53,10-Aug,24
10-Aug,Pulau Pinang,67,69,102.99,52,70,74.29,10-Aug,743
10-Aug,Sabah,167,142,85.03,63,120,52.5,10-Aug,1383
10-Aug,Sarawak,120,37,30.83,15,148,10.14,10-Aug,836
10-Aug,Selangor,345,357,103.48,220,431,51.04,10-Aug,7338
10-Aug,Terengganu,30,33,110,27,58,46.55,10-Aug,378
10-Aug,W.P. Kuala Lumpur,218,229,105.05,167,198,84.34,10-Aug,2374
10-Aug,W.P. Labuan,18,2,11.11,1,11,9.09,10-Aug,1
10-Aug,W.P. Putrajaya,20,20,100,20,36,55.56,10-Aug,76
11-Aug,Johor,108,129,119.44,82,149,55.03,11-Aug,1693
11-Aug,Kedah,101,116,114.85,39,101,38.61,11-Aug,1534
11-Aug,Kelantan,64,53,82.81,32,122,26.23,11-Aug,1284
11-Aug,Melaka,92,37,40.22,28,65,43.08,11-Aug,636
11-Aug,Negeri Sembilan,63,70,111.11,43,70,61.43,11-Aug,1015
11-Aug,Pahang,55,69,125.45,37,58,63.79,11-Aug,585
11-Aug,Perak,84,120,142.86,60,103,58.25,11-Aug,828
11-Aug,Perlis,11,9,81.82,2,19,10.53,11-Aug,29
11-Aug,Pulau Pinang,67,68,101.49,54,70,77.14,11-Aug,1385
11-Aug,Sabah,167,149,89.22,60,120,50,11-Aug,1514
11-Aug,Sarawak,120,36,30,16,148,10.81,11-Aug,635
11-Aug,Selangor,345,355,102.9,220,431,51.04,11-Aug,6932
11-Aug,Terengganu,30,37,123.33,29,58,50,11-Aug,613
11-Aug,W.P. Kuala Lumpur,218,224,102.75,160,198,80.81,11-Aug,2068
11-Aug,W.P. Labuan,18,1,5.56,0,11,0,11-Aug,3
11-Aug,W.P. Putrajaya,20,20,100,20,36,55.56,11-Aug,41
12-Aug,Johor,108,138,127.78,85,163,52.15,12-Aug,1706
12-Aug,Kedah,101,114,112.87,42,101,41.58,12-Aug,2143
12-Aug,Kelantan,64,53,82.81,27,122,22.13,12-Aug,972
12-Aug,Melaka,92,74,80.43,28,65,43.08,12-Aug,494
12-Aug,Negeri Sembilan,63,63,100,43,70,61.43,12-Aug,900
12-Aug,Pahang,55,73,132.73,38,58,65.52,12-Aug,629
12-Aug,Perak,84,115,136.9,64,103,62.14,12-Aug,930
12-Aug,Perlis,11,10,90.91,2,19,10.53,12-Aug,23
12-Aug,Pulau Pinang,67,68,101.49,54,70,77.14,12-Aug,1229
12-Aug,Sabah,165,147,89.09,53,120,44.17,12-Aug,2052
12-Aug,Sarawak,120,33,27.5,18,148,12.16,12-Aug,1216
12-Aug,Selangor,345,361,104.64,223,432,51.62,12-Aug,6280
12-Aug,Terengganu,30,32,106.67,22,58,37.93,12-Aug,594
12-Aug,W.P. Kuala Lumpur,220,225,102.27,161,224,71.88,12-Aug,2491
12-Aug,W.P. Labuan,18,0,0,0,11,0,12-Aug,11
12-Aug,W.P. Putrajaya,20,21,105,20,36,55.56,12-Aug,56
13-Aug,Johor,108,118,109.26,83,163,50.92,13-Aug,1486
13-Aug,Kedah,101,116,114.85,54,101,53.47,13-Aug,1807
13-Aug,Kelantan,64,54,84.38,29,122,23.77,13-Aug,1088
13-Aug,Melaka,92,120,130.43,37,65,56.92,13-Aug,724
13-Aug,Negeri Sembilan,75,63,84,42,70,60,13-Aug,976
13-Aug,Pahang,54,41,75.93,30,58,51.72,13-Aug,572
13-Aug,Perak,84,89,105.95,68,103,66.02,13-Aug,941
13-Aug,Perlis,11,9,81.82,4,19,21.05,13-Aug,50
13-Aug,Pulau Pinang,69,70,101.45,50,72,69.44,13-Aug,1316
13-Aug,Sabah,165,155,93.94,56,121,46.28,13-Aug,1654
13-Aug,Sarawak,120,32,26.67,20,148,13.51,13-Aug,715
13-Aug,Selangor,345,350,101.45,203,432,46.99,13-Aug,7451
13-Aug,Terengganu,39,30,76.92,21,58,36.21,13-Aug,440
13-Aug,W.P. Kuala Lumpur,220,215,97.73,162,224,72.32,13-Aug,2201
13-Aug,W.P. Labuan,18,0,0,0,11,0,13-Aug,6
13-Aug,W.P. Putrajaya,20,20,100,19,36,52.78,13-Aug,66
14-Aug,Johor,108,132,122.22,81,163,49.69,14-Aug,1425
14-Aug,Kedah,101,120,118.81,52,101,51.49,14-Aug,1796
14-Aug,Kelantan,64,56,87.5,32,122,26.23,14-Aug,1370
14-Aug,Melaka,92,77,83.7,39,65,60,14-Aug,521
14-Aug,Negeri Sembilan,75,54,72,44,70,62.86,14-Aug,727
14-Aug,Pahang,54,41,75.93,31,58,53.45,14-Aug,794
14-Aug,Perak,84,93,110.71,68,103,66.02,14-Aug,1004
14-Aug,Perlis,11,9,81.82,3,19,15.79,14-Aug,61
14-Aug,Pulau Pinang,69,72,104.35,56,72,77.78,14-Aug,1251
14-Aug,Sabah,167,153,91.62,56,118,47.46,14-Aug,1752
14-Aug,Sarawak,120,36,30,16,148,10.81,14-Aug,726
14-Aug,Selangor,345,352,102.03,215,432,49.77,14-Aug,6611
14-Aug,Terengganu,39,29,74.36,22,58,37.93,14-Aug,560
14-Aug,W.P. Kuala Lumpur,220,215,97.73,155,224,69.2,14-Aug,2029
14-Aug,W.P. Labuan,18,0,0,0,11,0,14-Aug,0
14-Aug,W.P. Putrajaya,20,19,95,17,36,47.22,14-Aug,51
15-Aug,Johor,108,114,105.56,87,173,50.29,15-Aug,1508
15-Aug,Kedah,101,112,110.89,49,101,48.51,15-Aug,1596
15-Aug,Kelantan,64,63,98.44,39,122,31.97,15-Aug,1025
15-Aug,Melaka,92,76,82.61,44,65,67.69,15-Aug,631
15-Aug,Negeri Sembilan,75,55,73.33,37,70,52.86,15-Aug,698
15-Aug,Pahang,54,41,75.93,32,58,55.17,15-Aug,932
15-Aug,Perak,84,91,108.33,75,103,72.82,15-Aug,1069
15-Aug,Perlis,11,6,54.55,3,19,15.79,15-Aug,21
15-Aug,Pulau Pinang,69,71,102.9,60,72,83.33,15-Aug,1111
15-Aug,Sabah,163,153,93.87,59,118,50,15-Aug,1665
15-Aug,Sarawak,120,39,32.5,19,148,12.84,15-Aug,965
15-Aug,Selangor,345,349,101.16,200,432,46.3,15-Aug,7310
15-Aug,Terengganu,39,28,71.79,23,58,39.66,15-Aug,534
15-Aug,W.P. Kuala Lumpur,220,220,100,160,224,71.43,15-Aug,1445
15-Aug,W.P. Labuan,18,0,0,0,11,0,15-Aug,3
15-Aug,W.P. Putrajaya,20,18,90,17,36,47.22,15-Aug,47
16-Aug,Johor,108,118,109.26,88,173,50.87,16-Aug,1510
16-Aug,Kedah,101,108,106.93,49,101,48.51,16-Aug,1592
16-Aug,Kelantan,64,61,95.31,39,122,31.97,16-Aug,1227
16-Aug,Melaka,92,73,79.35,39,65,60,16-Aug,1120
16-Aug,Negeri Sembilan,75,51,68,39,70,55.71,16-Aug,343
16-Aug,Pahang,61,41,67.21,33,58,56.9,16-Aug,646
16-Aug,Perak,84,92,109.52,74,103,71.84,16-Aug,938
16-Aug,Perlis,11,8,72.73,3,19,15.79,16-Aug,20
16-Aug,Pulau Pinang,69,68,98.55,62,72,86.11,16-Aug,1252
16-Aug,Sabah,163,154,94.48,62,118,52.54,16-Aug,1728
16-Aug,Sarawak,120,38,31.67,16,148,10.81,16-Aug,1568
16-Aug,Selangor,345,350,101.45,195,432,45.14,16-Aug,5721
16-Aug,Terengganu,39,29,74.36,21,58,36.21,16-Aug,688
16-Aug,W.P. Kuala Lumpur,220,221,100.45,156,224,69.64,16-Aug,1361
16-Aug,W.P. Labuan,18,0,0,0,11,0,16-Aug,2
16-Aug,W.P. Putrajaya,20,19,95,15,36,41.67,16-Aug,43
17-Aug,Johor,108,108,100,87,173,50.29,17-Aug,1309
17-Aug,Kedah,101,129,127.72,50,101,49.5,17-Aug,1863
17-Aug,Kelantan,64,65,101.56,40,122,32.79,17-Aug,1268
17-Aug,Melaka,92,73,79.35,39,65,60,17-Aug,623
17-Aug,Negeri Sembilan,75,55,73.33,37,70,52.86,17-Aug,490
17-Aug,Pahang,61,39,63.93,25,58,43.1,17-Aug,670
17-Aug,Perak,84,95,113.1,71,103,68.93,17-Aug,1101
17-Aug,Perlis,11,10,90.91,3,19,15.79,17-Aug,37
17-Aug,Pulau Pinang,69,72,104.35,61,72,84.72,17-Aug,1275
17-Aug,Sabah,163,167,102.45,64,118,54.24,17-Aug,2103
17-Aug,Sarawak,120,40,33.33,16,148,10.81,17-Aug,835
17-Aug,Selangor,348,403,115.8,191,432,44.21,17-Aug,5755
17-Aug,Terengganu,39,31,79.49,25,58,43.1,17-Aug,498
17-Aug,W.P. Kuala Lumpur,220,211,95.91,153,224,68.3,17-Aug,1770
17-Aug,W.P. Labuan,18,0,0,0,11,0,17-Aug,0
17-Aug,W.P. Putrajaya,20,18,90,16,36,44.44,17-Aug,41
18-Aug,Johor,108,112,103.7,92,173,53.18,18-Aug,1477
18-Aug,Kedah,101,128,126.73,43,102,42.16,18-Aug,1852
18-Aug,Kelantan,64,71,110.94,43,122,35.25,18-Aug,1351
18-Aug,Melaka,92,73,79.35,38,65,58.46,18-Aug,579
18-Aug,Negeri Sembilan,88,52,59.09,49,75,65.33,18-Aug,577
18-Aug,Pahang,61,40,65.57,24,58,41.38,18-Aug,675
18-Aug,Perak,84,90,107.14,68,103,66.02,18-Aug,1036
18-Aug,Perlis,11,9,81.82,3,19,15.79,18-Aug,50
18-Aug,Pulau Pinang,69,72,104.35,61,72,84.72,18-Aug,1867
18-Aug,Sabah,123,159,129.27,64,118,54.24,18-Aug,2413
18-Aug,Sarawak,120,39,32.5,15,148,10.14,18-Aug,1403
18-Aug,Selangor,348,349,100.29,188,432,43.52,18-Aug,6862
18-Aug,Terengganu,39,32,82.05,20,58,34.48,18-Aug,487
18-Aug,W.P. Kuala Lumpur,220,214,97.27,151,224,67.41,18-Aug,1587
18-Aug,W.P. Labuan,18,0,0,0,11,0,18-Aug,5
18-Aug,W.P. Putrajaya,20,19,95,13,36,36.11,18-Aug,25
19-Aug,Johor,108,119,110.19,75,173,43.35,19-Aug,1526
19-Aug,Kedah,101,139,137.62,51,102,50,19-Aug,2137
19-Aug,Kelantan,64,68,106.25,46,122,37.7,19-Aug,1271
19-Aug,Melaka,96,69,71.88,33,67,49.25,19-Aug,737
19-Aug,Negeri Sembilan,88,40,45.45,28,75,37.33,19-Aug,556
19-Aug,Pahang,61,41,67.21,24,58,41.38,19-Aug,736
19-Aug,Perak,90,92,102.22,67,103,65.05,19-Aug,1229
19-Aug,Perlis,11,7,63.64,3,19,15.79,19-Aug,42
19-Aug,Pulau Pinang,69,71,102.9,61,72,84.72,19-Aug,1658
19-Aug,Sabah,123,158,128.46,62,118,52.54,19-Aug,2583
19-Aug,Sarawak,120,45,37.5,14,148,9.46,19-Aug,1207
19-Aug,Selangor,348,350,100.57,179,432,41.44,19-Aug,7175
19-Aug,Terengganu,39,30,76.92,16,58,27.59,19-Aug,621
19-Aug,W.P. Kuala Lumpur,220,209,95,175,224,78.13,19-Aug,1444
19-Aug,W.P. Labuan,18,0,0,0,11,0,19-Aug,9
19-Aug,W.P. Putrajaya,20,19,95,16,36,44.44,19-Aug,26
20-Aug,Johor,108,119,110.19,89,173,51.45,20-Aug,1323
20-Aug,Kedah,101,132,130.69,49,102,48.04,20-Aug,1932
20-Aug,Kelantan,64,72,112.5,35,122,28.69,20-Aug,1281
20-Aug,Melaka,96,73,76.04,31,67,46.27,20-Aug,610
20-Aug,Negeri Sembilan,88,42,47.73,28,75,37.33,20-Aug,608
20-Aug,Pahang,61,40,65.57,30,58,51.72,20-Aug,517
20-Aug,Perak,90,91,101.11,64,103,62.14,20-Aug,1248
20-Aug,Perlis,11,7,63.64,2,19,10.53,20-Aug,64
20-Aug,Pulau Pinang,69,69,100,57,72,79.17,20-Aug,1523
20-Aug,Sabah,123,150,121.95,66,118,55.93,20-Aug,2738
20-Aug,Sarawak,120,48,40,16,148,10.81,20-Aug,2551
20-Aug,Selangor,348,343,98.56,198,432,45.83,20-Aug,6976
20-Aug,Terengganu,39,29,74.36,19,58,32.76,20-Aug,521
20-Aug,W.P. Kuala Lumpur,220,217,98.64,152,224,67.86,20-Aug,1670
20-Aug,W.P. Labuan,18,0,0,0,11,0,20-Aug,1
20-Aug,W.P. Putrajaya,20,19,95,17,36,47.22,20-Aug,24
21-Aug,Johor,108,125,115.74,89,173,51.45,21-Aug,1559
21-Aug,Kedah,101,151,149.5,58,102,56.86,21-Aug,1880
21-Aug,Kelantan,64,72,112.5,44,122,36.07,21-Aug,1039
21-Aug,Melaka,96,74,77.08,33,67,49.25,21-Aug,882
21-Aug,Negeri Sembilan,88,37,42.05,26,75,34.67,21-Aug,405
21-Aug,Pahang,61,41,67.21,28,58,48.28,21-Aug,664
21-Aug,Perak,90,96,106.67,63,103,61.17,21-Aug,946
21-Aug,Perlis,11,8,72.73,4,19,21.05,21-Aug,38
21-Aug,Pulau Pinang,69,70,101.45,57,72,79.17,21-Aug,1459
21-Aug,Sabah,123,152,123.58,67,118,56.78,21-Aug,2651
21-Aug,Sarawak,120,51,42.5,14,148,9.46,21-Aug,1964
21-Aug,Selangor,348,347,99.71,211,432,48.84,21-Aug,7013
21-Aug,Terengganu,39,29,74.36,20,58,34.48,21-Aug,532
21-Aug,W.P. Kuala Lumpur,220,216,98.18,153,224,68.3,21-Aug,1220
21-Aug,W.P. Labuan,18,0,0,0,11,0,21-Aug,9
21-Aug,W.P. Putrajaya,20,18,90,17,36,47.22,21-Aug,41
22-Aug,Johor,108,109,100.93,91,173,52.6,22-Aug,1391
22-Aug,Kedah,101,128,126.73,43,102,42.16,22-Aug,1948
22-Aug,Kelantan,64,73,114.06,45,122,36.89,22-Aug,1196
22-Aug,Melaka,96,78,81.25,35,67,52.24,22-Aug,558
22-Aug,Negeri Sembilan,88,36,40.91,31,75,41.33,22-Aug,508
22-Aug,Pahang,61,44,72.13,34,58,58.62,22-Aug,598
22-Aug,Perak,90,93,103.33,63,103,61.17,22-Aug,703
22-Aug,Perlis,11,8,72.73,4,19,21.05,22-Aug,54
22-Aug,Pulau Pinang,69,71,102.9,56,72,77.78,22-Aug,1501
22-Aug,Sabah,123,156,126.83,64,118,54.24,22-Aug,2638
22-Aug,Sarawak,120,56,46.67,13,148,8.78,22-Aug,1773
22-Aug,Selangor,348,346,99.43,216,432,50,22-Aug,5381
22-Aug,Terengganu,39,28,71.79,15,58,25.86,22-Aug,534
22-Aug,W.P. Kuala Lumpur,220,209,95,146,224,65.18,22-Aug,1001
22-Aug,W.P. Labuan,18,0,0,0,11,0,22-Aug,4
22-Aug,W.P. Putrajaya,20,18,90,16,36,44.44,22-Aug,24
23-Aug,Johor,108,108,100,89,173,51.45,23-Aug,1368
23-Aug,Kedah,101,133,131.68,56,102,54.9,23-Aug,1602
23-Aug,Kelantan,64,70,109.38,31,122,25.41,23-Aug,1176
23-Aug,Melaka,96,78,81.25,38,67,56.72,23-Aug,363
23-Aug,Negeri Sembilan,88,40,45.45,23,75,30.67,23-Aug,478
23-Aug,Pahang,61,42,68.85,33,58,56.9,23-Aug,506
23-Aug,Perak,90,95,105.56,61,103,59.22,23-Aug,952
23-Aug,Perlis,11,9,81.82,5,19,26.32,23-Aug,57
23-Aug,Pulau Pinang,69,71,102.9,54,72,75,23-Aug,1451
23-Aug,Sabah,128,169,132.03,69,118,58.47,23-Aug,2474
23-Aug,Sarawak,120,62,51.67,17,148,11.49,23-Aug,1542
23-Aug,Selangor,348,342,98.28,213,432,49.31,23-Aug,4316
23-Aug,Terengganu,39,28,71.79,17,58,29.31,23-Aug,470
23-Aug,W.P. Kuala Lumpur,220,198,90,123,224,54.91,23-Aug,894
23-Aug,W.P. Labuan,18,0,0,0,11,0,23-Aug,7
23-Aug,W.P. Putrajaya,20,16,80,15,36,41.67,23-Aug,24
24-Aug,Johor,108,114,105.56,95,173,54.91,24-Aug,1743
24-Aug,Kedah,101,141,139.6,53,102,51.96,24-Aug,1772
24-Aug,Kelantan,64,76,118.75,33,122,27.05,24-Aug,1422
24-Aug,Melaka,96,73,76.04,29,67,43.28,24-Aug,396
24-Aug,Negeri Sembilan,88,32,36.36,14,75,18.67,24-Aug,355
24-Aug,Pahang,61,42,68.85,28,58,48.28,24-Aug,521
24-Aug,Perak,90,94,104.44,63,103,61.17,24-Aug,1242
24-Aug,Perlis,11,9,81.82,4,19,21.05,24-Aug,74
24-Aug,Pulau Pinang,69,66,95.65,59,72,81.94,24-Aug,2054
24-Aug,Sabah,128,179,139.84,69,118,58.47,24-Aug,3376
24-Aug,Sarawak,120,64,53.33,18,148,12.16,24-Aug,1543
24-Aug,Selangor,348,336,96.55,197,432,45.6,24-Aug,4659
24-Aug,Terengganu,39,24,61.54,14,58,24.14,24-Aug,383
24-Aug,W.P. Kuala Lumpur,220,216,98.18,135,224,60.27,24-Aug,1288
24-Aug,W.P. Labuan,18,0,0,0,11,0,24-Aug,4
24-Aug,W.P. Putrajaya,20,19,95,17,36,47.22,24-Aug,27
25-Aug,Johor,108,114,105.56,92,173,53.18,25-Aug,1832
25-Aug,Kedah,115,137,119.13,52,103,50.49,25-Aug,2279
25-Aug,Kelantan,64,77,120.31,46,122,37.7,25-Aug,1424
25-Aug,Melaka,96,72,75,29,67,43.28,25-Aug,342
25-Aug,Negeri Sembilan,88,30,34.09,14,75,18.67,25-Aug,269
25-Aug,Pahang,61,41,67.21,23,58,39.66,25-Aug,522
25-Aug,Perak,90,97,107.78,62,103,60.19,25-Aug,1390
25-Aug,Perlis,11,8,72.73,5,19,26.32,25-Aug,44
25-Aug,Pulau Pinang,69,69,100,56,72,77.78,25-Aug,1427
25-Aug,Sabah,130,184,141.54,67,118,56.78,25-Aug,3225
25-Aug,Sarawak,120,62,51.67,16,148,10.81,25-Aug,1667
25-Aug,Selangor,350,341,97.43,190,443,42.89,25-Aug,6329
25-Aug,Terengganu,39,29,74.36,17,58,29.31,25-Aug,744
25-Aug,W.P. Kuala Lumpur,220,220,100,156,224,69.64,25-Aug,1128
25-Aug,W.P. Labuan,18,0,0,0,11,0,25-Aug,4
25-Aug,W.P. Putrajaya,20,20,100,15,36,41.67,25-Aug,21
26-Aug,Johor,108,113,104.63,98,174,56.32,26-Aug,2785
26-Aug,Kedah,115,139,120.87,61,103,59.22,26-Aug,1538
26-Aug,Kelantan,64,70,109.38,37,122,30.33,26-Aug,1312
26-Aug,Melaka,96,72,75,27,67,40.3,26-Aug,516
26-Aug,Negeri Sembilan,88,34,38.64,17,75,22.67,26-Aug,526
26-Aug,Pahang,61,42,68.85,23,58,39.66,26-Aug,690
26-Aug,Perak,90,97,107.78,61,103,59.22,26-Aug,1170
26-Aug,Perlis,11,10,90.91,5,19,26.32,26-Aug,67
26-Aug,Pulau Pinang,69,68,98.55,58,72,80.56,26-Aug,2078
26-Aug,Sabah,130,178,136.92,67,118,56.78,26-Aug,3487
26-Aug,Sarawak,120,70,58.33,21,148,14.19,26-Aug,2024
26-Aug,Selangor,350,335,95.71,192,443,43.34,26-Aug,6936
26-Aug,Terengganu,39,25,64.1,17,58,29.31,26-Aug,567
26-Aug,W.P. Kuala Lumpur,220,217,98.64,157,207,75.85,26-Aug,888
26-Aug,W.P. Labuan,18,0,0,0,11,0,26-Aug,3
26-Aug,W.P. Putrajaya,20,17,85,14,36,38.89,26-Aug,20
27-Aug,Johor,108,107,99.07,87,174,50,27-Aug,1812
27-Aug,Kedah,115,126,109.57,54,103,52.43,27-Aug,2072
27-Aug,Kelantan,64,73,114.06,37,122,30.33,27-Aug,1051
27-Aug,Melaka,96,71,73.96,28,67,41.79,27-Aug,589
27-Aug,Negeri Sembilan,88,35,39.77,17,75,22.67,27-Aug,340
27-Aug,Pahang,61,41,67.21,22,58,37.93,27-Aug,610
27-Aug,Perak,90,94,104.44,67,103,65.05,27-Aug,939
27-Aug,Perlis,11,10,90.91,0,19,0,27-Aug,76
27-Aug,Pulau Pinang,69,69,100,51,72,70.83,27-Aug,1829
27-Aug,Sabah,143,144,100.7,64,120,53.33,27-Aug,3010
27-Aug,Sarawak,120,72,60,18,148,12.16,27-Aug,2224
27-Aug,Selangor,350,334,95.43,177,443,39.95,27-Aug,5921
27-Aug,Terengganu,39,26,66.67,20,58,34.48,27-Aug,488
27-Aug,W.P. Kuala Lumpur,228,199,87.28,146,218,66.97,27-Aug,1077
27-Aug,W.P. Labuan,18,0,0,0,11,0,27-Aug,8
27-Aug,W.P. Putrajaya,20,17,85,14,36,38.89,27-Aug,39
28-Aug,Johor,108,110,101.85,92,174,52.87,28-Aug,1897
28-Aug,Kedah,105,120,114.29,46,103,44.66,28-Aug,2162
28-Aug,Kelantan,64,79,123.44,44,122,36.07,28-Aug,1289
28-Aug,Melaka,96,92,95.83,22,67,32.84,28-Aug,269
28-Aug,Negeri Sembilan,88,35,39.77,28,75,37.33,28-Aug,345
28-Aug,Pahang,61,42,68.85,23,58,39.66,28-Aug,579
28-Aug,Perak,90,99,110,65,103,63.11,28-Aug,1061
28-Aug,Perlis,11,9,81.82,4,19,21.05,28-Aug,98
28-Aug,Pulau Pinang,69,66,95.65,50,72,69.44,28-Aug,1920
28-Aug,Sabah,145,168,115.86,61,120,50.83,28-Aug,2834
28-Aug,Sarawak,120,76,63.33,21,148,14.19,28-Aug,2429
28-Aug,Selangor,350,330,94.29,182,443,41.08,28-Aug,5817
28-Aug,Terengganu,39,27,69.23,25,58,43.1,28-Aug,739
28-Aug,W.P. Kuala Lumpur,228,194,85.09,150,218,68.81,28-Aug,1117
28-Aug,W.P. Labuan,18,0,0,0,11,0,28-Aug,5
28-Aug,W.P. Putrajaya,20,17,85,12,36,33.33,28-Aug,48
29-Aug,Johor,108,109,100.93,90,174,51.72,29-Aug,1852
29-Aug,Kedah,105,124,118.1,62,103,60.19,29-Aug,1755
29-Aug,Kelantan,64,71,110.94,32,122,26.23,29-Aug,1316
29-Aug,Melaka,96,73,76.04,22,67,32.84,29-Aug,636
29-Aug,Negeri Sembilan,88,37,42.05,25,75,33.33,29-Aug,329
29-Aug,Pahang,61,42,68.85,22,58,37.93,29-Aug,839
29-Aug,Perak,90,101,112.22,67,103,65.05,29-Aug,1208
29-Aug,Perlis,11,9,81.82,4,19,21.05,29-Aug,56
29-Aug,Pulau Pinang,69,69,100,56,72,77.78,29-Aug,1378
29-Aug,Sabah,145,167,115.17,58,120,48.33,29-Aug,2579
29-Aug,Sarawak,120,65,54.17,16,148,10.81,29-Aug,2522
29-Aug,Selangor,350,324,92.57,164,443,37.02,29-Aug,4591
29-Aug,Terengganu,39,30,76.92,24,58,41.38,29-Aug,789
29-Aug,W.P. Kuala Lumpur,228,182,79.82,145,218,66.51,29-Aug,685
29-Aug,W.P. Labuan,18,0,0,0,11,0,29-Aug,3
29-Aug,W.P. Putrajaya,20,17,85,12,36,33.33,29-Aug,48
30-Aug,Johor,108,103,95.37,83,174,47.7,30-Aug,2265
30-Aug,Kedah,105,125,119.05,59,103,57.28,30-Aug,2084
30-Aug,Kelantan,77,76,98.7,50,122,40.98,30-Aug,1308
30-Aug,Melaka,92,84,91.3,22,78,28.21,30-Aug,395
30-Aug,Negeri Sembilan,88,32,36.36,20,75,26.67,30-Aug,269
30-Aug,Pahang,61,42,68.85,25,58,43.1,30-Aug,788
30-Aug,Perak,90,96,106.67,68,104,65.38,30-Aug,1144
30-Aug,Perlis,11,10,90.91,6,19,31.58,30-Aug,71
30-Aug,Pulau Pinang,69,68,98.55,54,72,75,30-Aug,1783
30-Aug,Sabah,145,168,115.86,65,120,54.17,30-Aug,2310
30-Aug,Sarawak,120,61,50.83,20,148,13.51,30-Aug,2028
30-Aug,Selangor,350,317,90.57,169,443,38.15,30-Aug,3567
30-Aug,Terengganu,39,31,79.49,27,58,46.55,30-Aug,544
30-Aug,W.P. Kuala Lumpur,228,171,75,125,218,57.34,30-Aug,685
30-Aug,W.P. Labuan,18,0,0,0,11,0,30-Aug,2
30-Aug,W.P. Putrajaya,20,18,90,14,36,38.89,30-Aug,41
31-Aug,Johor,108,103,95.37,84,174,48.28,31-Aug,2159
31-Aug,Kedah,104,117,112.5,51,103,49.51,31-Aug,1942
31-Aug,Kelantan,77,73,94.81,35,122,28.69,31-Aug,1479
31-Aug,Melaka,92,75,81.52,25,78,32.05,31-Aug,417
31-Aug,Negeri Sembilan,88,33,37.5,25,68,36.76,31-Aug,215
31-Aug,Pahang,61,40,65.57,25,54,46.3,31-Aug,798
31-Aug,Perak,90,108,120,68,104,65.38,31-Aug,1204
31-Aug,Perlis,11,10,90.91,5,19,26.32,31-Aug,64
31-Aug,Pulau Pinang,69,66,95.65,53,72,73.61,31-Aug,1732
31-Aug,Sabah,147,172,117.01,67,96,69.79,31-Aug,2594
31-Aug,Sarawak,120,58,48.33,23,137,16.79,31-Aug,2285
31-Aug,Selangor,350,351,100.29,168,443,37.92,31-Aug,4372
31-Aug,Terengganu,39,29,74.36,22,58,37.93,31-Aug,608
31-Aug,W.P. Kuala Lumpur,228,173,75.88,116,218,53.21,31-Aug,1003
31-Aug,W.P. Labuan,18,0,0,0,11,0,31-Aug,1
31-Aug,W.P. Putrajaya,20,15,75,12,28,42.86,31-Aug,25
,,,,,,,,,7107
,,,,,,,,,7705
,,,,,,,,,8273
,,,,,,,,,7750
,,,,,,,,,7460
,,,,,,,,,6255
,,,,,,,,,5285
,,,,,,,,,5570
,,,,,,,,,6250
,,,,,,,,,5679
,,,,,,,,,6853
,,,,,,,,,5799
,,,,,,,,,5309
,,,,,,,,,4955
,,,,,,,,,5425
,,,,,,,,,5153
,,,,,,,,,5741
,,,,,,,,,6445
,,,,,,,,,5912
,,,,,,,,,5300
,,,,,,,,,4619
,,,,,,,,,4745
,,,,,,,,,5251
,,,,,,,,,5849
,,,,,,,,,5844
,,,,,,,,,5813
,,,,,,,,,5589
,,,,,,,,,5225
,,,,,,,,,6451
,,,,,,,,,6292
,,,,,,,,,6993
,,,,,,,,,6985
,,,,,,,,,6669
,,,,,,,,,6065
,,,,,,,,,6413
,,,,,,,,,7665
,,,,,,,,,7123
,,,,,,,,,8878
,,,,,,,,,9187
,,,,,,,,,9364
,,,,,,,,,9123
,,,,,,,,,8614
,,,,,,,,,11106
,,,,,,,,,11644
,,,,,,,,,13228
,,,,,,,,,12557
,,,,,,,,,12547
,,,,,,,,,10722
,,,,,,,,,11020
,,,,,,,,,12374
,,,,,,,,,11992
,,,,,,,,,13059
,,,,,,,,,15605
,,,,,,,,,15928
,,,,,,,,,17051
,,,,,,,,,14519
,,,,,,,,,16143
,,,,,,,,,17411
,,,,,,,,,17202
,,,,,,,,,16857
,,,,,,,,,17795
,,,,,,,,,17151
,,,,,,,,,15770
,,,,,,,,,17142
,,,,,,,,,19842
,,,,,,,,,20630
,,,,,,,,,20902
,,,,,,,,,19273
,,,,,,,,,18698
,,,,,,,,,17265
,,,,,,,,,19991
,,,,,,,,,20795
,,,,,,,,,21726
,,,,,,,,,21493
,,,,,,,,,20678
,,,,,,,,,20560
,,,,,,,,,19759
,,,,,,,,,19638
,,,,,,,,,22246
,,,,,,,,,22957
,,,,,,,,,23587
,,,,,,,,,22302
,,,,,,,,,19812
,,,,,,,,,17680
,,,,,,,,,20859
,,,,,,,,,22647
,,,,,,,,,24607
,,,,,,,,,22085
,,,,,,,,,22609
,,,,,,,,,20586
,,,,,,,,,19284
,,,,,,,,,20898